Workbook

Sheet 高一2026
A1: 序号 | B1: 年级 | C1: 班级 | D1: 姓名 | E1: 性别 | F1: 50m | G1: 得分 | H1: 体前屈 | I1: 得分 | J1: 跳远 | K1: 得分 | L1: 引/仰 | M1: 得分 | N1: 附加值 | O1: 附加1 | P1: 引/仰总分 | Q1: 耐久跑 | R1: 得分 | S1: 附加值 | T1: 附加2 | U1: 长跑总分 | V1: 平均分 | W1: 附加分 | X1: 最终实际得分 | Y1: 最终得分 | Z1: 备注
A2: 27 | B2: 高一 | C2: 101 | D2: 邵启铖 | E2: 男 | F2: 7.1 | G2: =IF(B2="高三",IF($E2="男",LOOKUP(F2,[1]对照表!$G$3:$G$24,[1]对照表!$H$3:$H$24),LOOKUP(F2,[1]对照表!$G$27:$G$48,[1]对照表!$H$27:$H$48)),IF(B2="高二",IF($E2="男",LOOKUP(F2,[1]对照表!$F$3:$F$24,[1]对照表!$H$3:$H$24),LOOKUP(F2,[1]对照表!$F$27:$F$48,[1]对照表!$H$27:$H$48)),IF(B2="高一",IF($E2="男",LOOKUP(F2,[1]对照表!$E$3:$E$24,[1]对照表!$H$3:$H$24),LOOKUP(F2,[1]对照表!$E$27:$E$48,[1]对照表!$H$27:$H$48))))) -> 100 | H2: 15.9 | I2: =IF(B2="高三",IF($E2="男",LOOKUP(H2,[1]对照表!$K$3:$K$24,[1]对照表!$L$3:$L$24),LOOKUP(H2,[1]对照表!$K$27:$K$48,[1]对照表!$L$27:$L$48)),IF(B2="高二",IF($E2="男",LOOKUP(H2,[1]对照表!$J$3:$J$24,[1]对照表!$L$3:$L$24),LOOKUP(H2,[1]对照表!$J$27:$J$48,[1]对照表!$L$27:$L$48)),IF(B2="高一",IF($E2="男",LOOKUP(H2,[1]对照表!$I$3:$I$24,[1]对照表!$L$3:$L$24),LOOKUP(H2,[1]对照表!$I$27:$I$48,[1]对照表!$L$27:$L$48))))) -> 80 | J2: 247 | K2: =IF(B2="高三",IF($E2="男",LOOKUP(J2,[1]对照表!$O$3:$O$24,[1]对照表!$P$3:$P$24),LOOKUP(J2,[1]对照表!$O$27:$O$48,[1]对照表!$P$27:$P$48)),IF(B2="高二",IF($E2="男",LOOKUP(J2,[1]对照表!$N$3:$N$24,[1]对照表!$P$3:$P$24),LOOKUP(J2,[1]对照表!$N$27:$N$48,[1]对照表!$P$27:$P$48)),IF(B2="高一",IF($E2="男",LOOKUP(J2,[1]对照表!$M$3:$M$24,[1]对照表!$P$3:$P$24),LOOKUP(J2,[1]对照表!$M$27:$M$48,[1]对照表!$P$27:$P$48))))) -> 85 | L2: 20 | M2: =IF(B2="高三",IF($E2="男",LOOKUP(L2,[1]对照表!$S$3:$S$24,[1]对照表!$T$3:$T$24),LOOKUP(L2,[1]对照表!$S$27:$S$48,[1]对照表!$T$27:$T$48)),IF(B2="高二",IF($E2="男",LOOKUP(L2,[1]对照表!$R$3:$R$24,[1]对照表!$T$3:$T$24),LOOKUP(L2,[1]对照表!$R$27:$R$48,[1]对照表!$T$27:$T$48)),IF(B2="高一",IF($E2="男",LOOKUP(L2,[1]对照表!$Q$3:$Q$24,[1]对照表!$T$3:$T$24),LOOKUP(L2,[1]对照表!$Q$27:$Q$48,[1]对照表!$T$27:$T$48))))) -> 100 | N2: =IF(B2="高三",MAX(IF(E2="男",L2-18,L2-55),0),IF(B2="高二",MAX(IF(E2="男",L2-17,L2-54),0),IF(B2="高一",MAX(IF(E2="男",L2-16,L2-53),0)))) -> 4 | O2: =IF(E2="男",LOOKUP($N2,[1]对照表!$Z$3:$Z$13,[1]对照表!$AA$3:$AA$13),LOOKUP($N2,[1]对照表!$Z$15:$Z$25,[1]对照表!$AA$15:$AA$25)) -> 4 | P2: =M2+O2 -> 104 | Q2: 3.13 | R2: =IF(B2="高三",IF($E2="男",LOOKUP(Q2,[1]对照表!$W$3:$W$24,[1]对照表!$X$3:$X$24),LOOKUP(Q2,[1]对照表!$W$27:$W$48,[1]对照表!$X$27:$X$48)),IF(B2="高二",IF($E2="男",LOOKUP(Q2,[1]对照表!$V$3:$V$24,[1]对照表!$X$3:$X$24),LOOKUP(Q2,[1]对照表!$V$27:$V$48,[1]对照表!$X$27:$X$48)),IF(B2="高一",IF($E2="男",LOOKUP(Q2,[1]对照表!$U$3:$U$24,[1]对照表!$X$3:$X$24),LOOKUP(Q2,[1]对照表!$U$27:$U$48,[1]对照表!$X$27:$X$48))))) -> 100 | S2: =ROUND(IF(IF($B2="高三",MIN(IF($E2="男",$Q2-3.2,$Q2-3.2),0),IF($B2="高二",MIN(IF($E2="男",$Q2-3.25,$Q2-3.22),0),IF($B2="高一",MIN(IF($E2="男",$Q2-3.3,$Q2-3.24),0))))<-0.6,IF($B2="高三",MIN(IF($E2="男",$Q2-3.2,$Q2-3.2),0),IF($B2="高二",MIN(IF($E2="男",$Q2-3.25,$Q2-3.22),0),IF($B2="高一",MIN(IF($E2="男",$Q2-3.3,$Q2-3.24),0))))+0.4,IF($B2="高三",MIN(IF($E2="男",$Q2-3.2,$Q2-3.2),0),IF($B2="高二",MIN(IF($E2="男",$Q2-3.25,$Q2-3.22),0),IF($B2="高一",MIN(IF($E2="男",$Q2-3.3,$Q2-3.24),0))))),2) -> -0.17 | T2: =IF(E2="男",LOOKUP($S2,[1]对照表!$AB$3:$AB$13,[1]对照表!$AC$3:$AC$13),LOOKUP($S2,[1]对照表!$AB$15:$AB$25,[1]对照表!$AC$15:$AC$25)) -> 4 | U2: =R2+T2 -> 104 | V2: =SUM(I2,K2,M2)/3*0.3+SUM(G2,R2)/2*0.4 -> 66.5 | W2: =O2+T2 -> 8 | X2: =V2/0.7+W2 -> 103 | Y2: 103
A3: 5 | B3: 高一 | C3: 101 | D3: 陈星铖 | E3: 男 | F3: 7.1 | G3: =IF(B3="高三",IF($E3="男",LOOKUP(F3,[1]对照表!$G$3:$G$24,[1]对照表!$H$3:$H$24),LOOKUP(F3,[1]对照表!$G$27:$G$48,[1]对照表!$H$27:$H$48)),IF(B3="高二",IF($E3="男",LOOKUP(F3,[1]对照表!$F$3:$F$24,[1]对照表!$H$3:$H$24),LOOKUP(F3,[1]对照表!$F$27:$F$48,[1]对照表!$H$27:$H$48)),IF(B3="高一",IF($E3="男",LOOKUP(F3,[1]对照表!$E$3:$E$24,[1]对照表!$H$3:$H$24),LOOKUP(F3,[1]对照表!$E$27:$E$48,[1]对照表!$H$27:$H$48))))) -> 100 | H3: 18 | I3: =IF(B3="高三",IF($E3="男",LOOKUP(H3,[1]对照表!$K$3:$K$24,[1]对照表!$L$3:$L$24),LOOKUP(H3,[1]对照表!$K$27:$K$48,[1]对照表!$L$27:$L$48)),IF(B3="高二",IF($E3="男",LOOKUP(H3,[1]对照表!$J$3:$J$24,[1]对照表!$L$3:$L$24),LOOKUP(H3,[1]对照表!$J$27:$J$48,[1]对照表!$L$27:$L$48)),IF(B3="高一",IF($E3="男",LOOKUP(H3,[1]对照表!$I$3:$I$24,[1]对照表!$L$3:$L$24),LOOKUP(H3,[1]对照表!$I$27:$I$48,[1]对照表!$L$27:$L$48))))) -> 85 | J3: 257 | K3: =IF(B3="高三",IF($E3="男",LOOKUP(J3,[1]对照表!$O$3:$O$24,[1]对照表!$P$3:$P$24),LOOKUP(J3,[1]对照表!$O$27:$O$48,[1]对照表!$P$27:$P$48)),IF(B3="高二",IF($E3="男",LOOKUP(J3,[1]对照表!$N$3:$N$24,[1]对照表!$P$3:$P$24),LOOKUP(J3,[1]对照表!$N$27:$N$48,[1]对照表!$P$27:$P$48)),IF(B3="高一",IF($E3="男",LOOKUP(J3,[1]对照表!$M$3:$M$24,[1]对照表!$P$3:$P$24),LOOKUP(J3,[1]对照表!$M$27:$M$48,[1]对照表!$P$27:$P$48))))) -> 95 | L3: 20 | M3: =IF(B3="高三",IF($E3="男",LOOKUP(L3,[1]对照表!$S$3:$S$24,[1]对照表!$T$3:$T$24),LOOKUP(L3,[1]对照表!$S$27:$S$48,[1]对照表!$T$27:$T$48)),IF(B3="高二",IF($E3="男",LOOKUP(L3,[1]对照表!$R$3:$R$24,[1]对照表!$T$3:$T$24),LOOKUP(L3,[1]对照表!$R$27:$R$48,[1]对照表!$T$27:$T$48)),IF(B3="高一",IF($E3="男",LOOKUP(L3,[1]对照表!$Q$3:$Q$24,[1]对照表!$T$3:$T$24),LOOKUP(L3,[1]对照表!$Q$27:$Q$48,[1]对照表!$T$27:$T$48))))) -> 100 | N3: =IF(B3="高三",MAX(IF(E3="男",L3-18,L3-55),0),IF(B3="高二",MAX(IF(E3="男",L3-17,L3-54),0),IF(B3="高一",MAX(IF(E3="男",L3-16,L3-53),0)))) -> 4 | O3: =IF(E3="男",LOOKUP($N3,[1]对照表!$Z$3:$Z$13,[1]对照表!$AA$3:$AA$13),LOOKUP($N3,[1]对照表!$Z$15:$Z$25,[1]对照表!$AA$15:$AA$25)) -> 4 | P3: =M3+O3 -> 104 | Q3: 3.39 | R3: =IF(B3="高三",IF($E3="男",LOOKUP(Q3,[1]对照表!$W$3:$W$24,[1]对照表!$X$3:$X$24),LOOKUP(Q3,[1]对照表!$W$27:$W$48,[1]对照表!$X$27:$X$48)),IF(B3="高二",IF($E3="男",LOOKUP(Q3,[1]对照表!$V$3:$V$24,[1]对照表!$X$3:$X$24),LOOKUP(Q3,[1]对照表!$V$27:$V$48,[1]对照表!$X$27:$X$48)),IF(B3="高一",IF($E3="男",LOOKUP(Q3,[1]对照表!$U$3:$U$24,[1]对照表!$X$3:$X$24),LOOKUP(Q3,[1]对照表!$U$27:$U$48,[1]对照表!$X$27:$X$48))))) -> 90 | S3: =ROUND(IF(IF($B3="高三",MIN(IF($E3="男",$Q3-3.2,$Q3-3.2),0),IF($B3="高二",MIN(IF($E3="男",$Q3-3.25,$Q3-3.22),0),IF($B3="高一",MIN(IF($E3="男",$Q3-3.3,$Q3-3.24),0))))<-0.6,IF($B3="高三",MIN(IF($E3="男",$Q3-3.2,$Q3-3.2),0),IF($B3="高二",MIN(IF($E3="男",$Q3-3.25,$Q3-3.22),0),IF($B3="高一",MIN(IF($E3="男",$Q3-3.3,$Q3-3.24),0))))+0.4,IF($B3="高三",MIN(IF($E3="男",$Q3-3.2,$Q3-3.2),0),IF($B3="高二",MIN(IF($E3="男",$Q3-3.25,$Q3-3.22),0),IF($B3="高一",MIN(IF($E3="男",$Q3-3.3,$Q3-3.24),0))))),2) -> 0 | T3: =IF(E3="男",LOOKUP($S3,[1]对照表!$AB$3:$AB$13,[1]对照表!$AC$3:$AC$13),LOOKUP($S3,[1]对照表!$AB$15:$AB$25,[1]对照表!$AC$15:$AC$25)) -> 0 | U3: =R3+T3 -> 90 | V3: =SUM(I3,K3,M3)/3*0.3+SUM(G3,R3)/2*0.4 -> 66 | W3: =O3+T3 -> 4 | X3: =V3/0.7+W3 -> 98.285714 | Y3: 98.285714
A4: 1 | B4: 高一 | C4: 101 | D4: 包亦宽 | E4: 男 | F4: 7.1 | G4: =IF(B4="高三",IF($E4="男",LOOKUP(F4,[1]对照表!$G$3:$G$24,[1]对照表!$H$3:$H$24),LOOKUP(F4,[1]对照表!$G$27:$G$48,[1]对照表!$H$27:$H$48)),IF(B4="高二",IF($E4="男",LOOKUP(F4,[1]对照表!$F$3:$F$24,[1]对照表!$H$3:$H$24),LOOKUP(F4,[1]对照表!$F$27:$F$48,[1]对照表!$H$27:$H$48)),IF(B4="高一",IF($E4="男",LOOKUP(F4,[1]对照表!$E$3:$E$24,[1]对照表!$H$3:$H$24),LOOKUP(F4,[1]对照表!$E$27:$E$48,[1]对照表!$H$27:$H$48))))) -> 100 | H4: 20.1 | I4: =IF(B4="高三",IF($E4="男",LOOKUP(H4,[1]对照表!$K$3:$K$24,[1]对照表!$L$3:$L$24),LOOKUP(H4,[1]对照表!$K$27:$K$48,[1]对照表!$L$27:$L$48)),IF(B4="高二",IF($E4="男",LOOKUP(H4,[1]对照表!$J$3:$J$24,[1]对照表!$L$3:$L$24),LOOKUP(H4,[1]对照表!$J$27:$J$48,[1]对照表!$L$27:$L$48)),IF(B4="高一",IF($E4="男",LOOKUP(H4,[1]对照表!$I$3:$I$24,[1]对照表!$L$3:$L$24),LOOKUP(H4,[1]对照表!$I$27:$I$48,[1]对照表!$L$27:$L$48))))) -> 90 | J4: 256 | K4: =IF(B4="高三",IF($E4="男",LOOKUP(J4,[1]对照表!$O$3:$O$24,[1]对照表!$P$3:$P$24),LOOKUP(J4,[1]对照表!$O$27:$O$48,[1]对照表!$P$27:$P$48)),IF(B4="高二",IF($E4="男",LOOKUP(J4,[1]对照表!$N$3:$N$24,[1]对照表!$P$3:$P$24),LOOKUP(J4,[1]对照表!$N$27:$N$48,[1]对照表!$P$27:$P$48)),IF(B4="高一",IF($E4="男",LOOKUP(J4,[1]对照表!$M$3:$M$24,[1]对照表!$P$3:$P$24),LOOKUP(J4,[1]对照表!$M$27:$M$48,[1]对照表!$P$27:$P$48))))) -> 95 | L4: 20 | M4: =IF(B4="高三",IF($E4="男",LOOKUP(L4,[1]对照表!$S$3:$S$24,[1]对照表!$T$3:$T$24),LOOKUP(L4,[1]对照表!$S$27:$S$48,[1]对照表!$T$27:$T$48)),IF(B4="高二",IF($E4="男",LOOKUP(L4,[1]对照表!$R$3:$R$24,[1]对照表!$T$3:$T$24),LOOKUP(L4,[1]对照表!$R$27:$R$48,[1]对照表!$T$27:$T$48)),IF(B4="高一",IF($E4="男",LOOKUP(L4,[1]对照表!$Q$3:$Q$24,[1]对照表!$T$3:$T$24),LOOKUP(L4,[1]对照表!$Q$27:$Q$48,[1]对照表!$T$27:$T$48))))) -> 100 | N4: =IF(B4="高三",MAX(IF(E4="男",L4-18,L4-55),0),IF(B4="高二",MAX(IF(E4="男",L4-17,L4-54),0),IF(B4="高一",MAX(IF(E4="男",L4-16,L4-53),0)))) -> 4 | O4: =IF(E4="男",LOOKUP($N4,[1]对照表!$Z$3:$Z$13,[1]对照表!$AA$3:$AA$13),LOOKUP($N4,[1]对照表!$Z$15:$Z$25,[1]对照表!$AA$15:$AA$25)) -> 4 | P4: =M4+O4 -> 104 | Q4: 3.51 | R4: =IF(B4="高三",IF($E4="男",LOOKUP(Q4,[1]对照表!$W$3:$W$24,[1]对照表!$X$3:$X$24),LOOKUP(Q4,[1]对照表!$W$27:$W$48,[1]对照表!$X$27:$X$48)),IF(B4="高二",IF($E4="男",LOOKUP(Q4,[1]对照表!$V$3:$V$24,[1]对照表!$X$3:$X$24),LOOKUP(Q4,[1]对照表!$V$27:$V$48,[1]对照表!$X$27:$X$48)),IF(B4="高一",IF($E4="男",LOOKUP(Q4,[1]对照表!$U$3:$U$24,[1]对照表!$X$3:$X$24),LOOKUP(Q4,[1]对照表!$U$27:$U$48,[1]对照表!$X$27:$X$48))))) -> 80 | S4: =ROUND(IF(IF($B4="高三",MIN(IF($E4="男",$Q4-3.2,$Q4-3.2),0),IF($B4="高二",MIN(IF($E4="男",$Q4-3.25,$Q4-3.22),0),IF($B4="高一",MIN(IF($E4="男",$Q4-3.3,$Q4-3.24),0))))<-0.6,IF($B4="高三",MIN(IF($E4="男",$Q4-3.2,$Q4-3.2),0),IF($B4="高二",MIN(IF($E4="男",$Q4-3.25,$Q4-3.22),0),IF($B4="高一",MIN(IF($E4="男",$Q4-3.3,$Q4-3.24),0))))+0.4,IF($B4="高三",MIN(IF($E4="男",$Q4-3.2,$Q4-3.2),0),IF($B4="高二",MIN(IF($E4="男",$Q4-3.25,$Q4-3.22),0),IF($B4="高一",MIN(IF($E4="男",$Q4-3.3,$Q4-3.24),0))))),2) -> 0 | T4: =IF(E4="男",LOOKUP($S4,[1]对照表!$AB$3:$AB$13,[1]对照表!$AC$3:$AC$13),LOOKUP($S4,[1]对照表!$AB$15:$AB$25,[1]对照表!$AC$15:$AC$25)) -> 0 | U4: =R4+T4 -> 80 | V4: =SUM(I4,K4,M4)/3*0.3+SUM(G4,R4)/2*0.4 -> 64.5 | W4: =O4+T4 -> 4 | X4: =V4/0.7+W4 -> 96.142857 | Y4: 96.142857
A5: 2 | B5: 高一 | C5: 101 | D5: 曹宸煜 | E5: 男 | F5: 6.9 | G5: =IF(B5="高三",IF($E5="男",LOOKUP(F5,[1]对照表!$G$3:$G$24,[1]对照表!$H$3:$H$24),LOOKUP(F5,[1]对照表!$G$27:$G$48,[1]对照表!$H$27:$H$48)),IF(B5="高二",IF($E5="男",LOOKUP(F5,[1]对照表!$F$3:$F$24,[1]对照表!$H$3:$H$24),LOOKUP(F5,[1]对照表!$F$27:$F$48,[1]对照表!$H$27:$H$48)),IF(B5="高一",IF($E5="男",LOOKUP(F5,[1]对照表!$E$3:$E$24,[1]对照表!$H$3:$H$24),LOOKUP(F5,[1]对照表!$E$27:$E$48,[1]对照表!$H$27:$H$48))))) -> 100 | H5: 13.1 | I5: =IF(B5="高三",IF($E5="男",LOOKUP(H5,[1]对照表!$K$3:$K$24,[1]对照表!$L$3:$L$24),LOOKUP(H5,[1]对照表!$K$27:$K$48,[1]对照表!$L$27:$L$48)),IF(B5="高二",IF($E5="男",LOOKUP(H5,[1]对照表!$J$3:$J$24,[1]对照表!$L$3:$L$24),LOOKUP(H5,[1]对照表!$J$27:$J$48,[1]对照表!$L$27:$L$48)),IF(B5="高一",IF($E5="男",LOOKUP(H5,[1]对照表!$I$3:$I$24,[1]对照表!$L$3:$L$24),LOOKUP(H5,[1]对照表!$I$27:$I$48,[1]对照表!$L$27:$L$48))))) -> 76 | J5: 257 | K5: =IF(B5="高三",IF($E5="男",LOOKUP(J5,[1]对照表!$O$3:$O$24,[1]对照表!$P$3:$P$24),LOOKUP(J5,[1]对照表!$O$27:$O$48,[1]对照表!$P$27:$P$48)),IF(B5="高二",IF($E5="男",LOOKUP(J5,[1]对照表!$N$3:$N$24,[1]对照表!$P$3:$P$24),LOOKUP(J5,[1]对照表!$N$27:$N$48,[1]对照表!$P$27:$P$48)),IF(B5="高一",IF($E5="男",LOOKUP(J5,[1]对照表!$M$3:$M$24,[1]对照表!$P$3:$P$24),LOOKUP(J5,[1]对照表!$M$27:$M$48,[1]对照表!$P$27:$P$48))))) -> 95 | L5: 17 | M5: =IF(B5="高三",IF($E5="男",LOOKUP(L5,[1]对照表!$S$3:$S$24,[1]对照表!$T$3:$T$24),LOOKUP(L5,[1]对照表!$S$27:$S$48,[1]对照表!$T$27:$T$48)),IF(B5="高二",IF($E5="男",LOOKUP(L5,[1]对照表!$R$3:$R$24,[1]对照表!$T$3:$T$24),LOOKUP(L5,[1]对照表!$R$27:$R$48,[1]对照表!$T$27:$T$48)),IF(B5="高一",IF($E5="男",LOOKUP(L5,[1]对照表!$Q$3:$Q$24,[1]对照表!$T$3:$T$24),LOOKUP(L5,[1]对照表!$Q$27:$Q$48,[1]对照表!$T$27:$T$48))))) -> 100 | N5: =IF(B5="高三",MAX(IF(E5="男",L5-18,L5-55),0),IF(B5="高二",MAX(IF(E5="男",L5-17,L5-54),0),IF(B5="高一",MAX(IF(E5="男",L5-16,L5-53),0)))) -> 1 | O5: =IF(E5="男",LOOKUP($N5,[1]对照表!$Z$3:$Z$13,[1]对照表!$AA$3:$AA$13),LOOKUP($N5,[1]对照表!$Z$15:$Z$25,[1]对照表!$AA$15:$AA$25)) -> 1 | P5: =M5+O5 -> 101 | Q5: 3.35 | R5: =IF(B5="高三",IF($E5="男",LOOKUP(Q5,[1]对照表!$W$3:$W$24,[1]对照表!$X$3:$X$24),LOOKUP(Q5,[1]对照表!$W$27:$W$48,[1]对照表!$X$27:$X$48)),IF(B5="高二",IF($E5="男",LOOKUP(Q5,[1]对照表!$V$3:$V$24,[1]对照表!$X$3:$X$24),LOOKUP(Q5,[1]对照表!$V$27:$V$48,[1]对照表!$X$27:$X$48)),IF(B5="高一",IF($E5="男",LOOKUP(Q5,[1]对照表!$U$3:$U$24,[1]对照表!$X$3:$X$24),LOOKUP(Q5,[1]对照表!$U$27:$U$48,[1]对照表!$X$27:$X$48))))) -> 95 | S5: =ROUND(IF(IF($B5="高三",MIN(IF($E5="男",$Q5-3.2,$Q5-3.2),0),IF($B5="高二",MIN(IF($E5="男",$Q5-3.25,$Q5-3.22),0),IF($B5="高一",MIN(IF($E5="男",$Q5-3.3,$Q5-3.24),0))))<-0.6,IF($B5="高三",MIN(IF($E5="男",$Q5-3.2,$Q5-3.2),0),IF($B5="高二",MIN(IF($E5="男",$Q5-3.25,$Q5-3.22),0),IF($B5="高一",MIN(IF($E5="男",$Q5-3.3,$Q5-3.24),0))))+0.4,IF($B5="高三",MIN(IF($E5="男",$Q5-3.2,$Q5-3.2),0),IF($B5="高二",MIN(IF($E5="男",$Q5-3.25,$Q5-3.22),0),IF($B5="高一",MIN(IF($E5="男",$Q5-3.3,$Q5-3.24),0))))),2) -> 0 | T5: =IF(E5="男",LOOKUP($S5,[1]对照表!$AB$3:$AB$13,[1]对照表!$AC$3:$AC$13),LOOKUP($S5,[1]对照表!$AB$15:$AB$25,[1]对照表!$AC$15:$AC$25)) -> 0 | U5: =R5+T5 -> 95 | V5: =SUM(I5,K5,M5)/3*0.3+SUM(G5,R5)/2*0.4 -> 66.1 | W5: =O5+T5 -> 1 | X5: =V5/0.7+W5 -> 95.428571 | Y5: 95.428571
A6: 34 | B6: 高一 | C6: 101 | D6: 宣东成 | E6: 男 | F6: 7.1 | G6: =IF(B6="高三",IF($E6="男",LOOKUP(F6,[1]对照表!$G$3:$G$24,[1]对照表!$H$3:$H$24),LOOKUP(F6,[1]对照表!$G$27:$G$48,[1]对照表!$H$27:$H$48)),IF(B6="高二",IF($E6="男",LOOKUP(F6,[1]对照表!$F$3:$F$24,[1]对照表!$H$3:$H$24),LOOKUP(F6,[1]对照表!$F$27:$F$48,[1]对照表!$H$27:$H$48)),IF(B6="高一",IF($E6="男",LOOKUP(F6,[1]对照表!$E$3:$E$24,[1]对照表!$H$3:$H$24),LOOKUP(F6,[1]对照表!$E$27:$E$48,[1]对照表!$H$27:$H$48))))) -> 100 | H6: 33.5 | I6: =IF(B6="高三",IF($E6="男",LOOKUP(H6,[1]对照表!$K$3:$K$24,[1]对照表!$L$3:$L$24),LOOKUP(H6,[1]对照表!$K$27:$K$48,[1]对照表!$L$27:$L$48)),IF(B6="高二",IF($E6="男",LOOKUP(H6,[1]对照表!$J$3:$J$24,[1]对照表!$L$3:$L$24),LOOKUP(H6,[1]对照表!$J$27:$J$48,[1]对照表!$L$27:$L$48)),IF(B6="高一",IF($E6="男",LOOKUP(H6,[1]对照表!$I$3:$I$24,[1]对照表!$L$3:$L$24),LOOKUP(H6,[1]对照表!$I$27:$I$48,[1]对照表!$L$27:$L$48))))) -> 100 | J6: 260 | K6: =IF(B6="高三",IF($E6="男",LOOKUP(J6,[1]对照表!$O$3:$O$24,[1]对照表!$P$3:$P$24),LOOKUP(J6,[1]对照表!$O$27:$O$48,[1]对照表!$P$27:$P$48)),IF(B6="高二",IF($E6="男",LOOKUP(J6,[1]对照表!$N$3:$N$24,[1]对照表!$P$3:$P$24),LOOKUP(J6,[1]对照表!$N$27:$N$48,[1]对照表!$P$27:$P$48)),IF(B6="高一",IF($E6="男",LOOKUP(J6,[1]对照表!$M$3:$M$24,[1]对照表!$P$3:$P$24),LOOKUP(J6,[1]对照表!$M$27:$M$48,[1]对照表!$P$27:$P$48))))) -> 100 | L6: 13 | M6: =IF(B6="高三",IF($E6="男",LOOKUP(L6,[1]对照表!$S$3:$S$24,[1]对照表!$T$3:$T$24),LOOKUP(L6,[1]对照表!$S$27:$S$48,[1]对照表!$T$27:$T$48)),IF(B6="高二",IF($E6="男",LOOKUP(L6,[1]对照表!$R$3:$R$24,[1]对照表!$T$3:$T$24),LOOKUP(L6,[1]对照表!$R$27:$R$48,[1]对照表!$T$27:$T$48)),IF(B6="高一",IF($E6="男",LOOKUP(L6,[1]对照表!$Q$3:$Q$24,[1]对照表!$T$3:$T$24),LOOKUP(L6,[1]对照表!$Q$27:$Q$48,[1]对照表!$T$27:$T$48))))) -> 85 | N6: =IF(B6="高三",MAX(IF(E6="男",L6-18,L6-55),0),IF(B6="高二",MAX(IF(E6="男",L6-17,L6-54),0),IF(B6="高一",MAX(IF(E6="男",L6-16,L6-53),0)))) -> 0 | O6: =IF(E6="男",LOOKUP($N6,[1]对照表!$Z$3:$Z$13,[1]对照表!$AA$3:$AA$13),LOOKUP($N6,[1]对照表!$Z$15:$Z$25,[1]对照表!$AA$15:$AA$25)) -> 0 | P6: =M6+O6 -> 85 | Q6: 3.4 | R6: =IF(B6="高三",IF($E6="男",LOOKUP(Q6,[1]对照表!$W$3:$W$24,[1]对照表!$X$3:$X$24),LOOKUP(Q6,[1]对照表!$W$27:$W$48,[1]对照表!$X$27:$X$48)),IF(B6="高二",IF($E6="男",LOOKUP(Q6,[1]对照表!$V$3:$V$24,[1]对照表!$X$3:$X$24),LOOKUP(Q6,[1]对照表!$V$27:$V$48,[1]对照表!$X$27:$X$48)),IF(B6="高一",IF($E6="男",LOOKUP(Q6,[1]对照表!$U$3:$U$24,[1]对照表!$X$3:$X$24),LOOKUP(Q6,[1]对照表!$U$27:$U$48,[1]对照表!$X$27:$X$48))))) -> 90 | S6: =ROUND(IF(IF($B6="高三",MIN(IF($E6="男",$Q6-3.2,$Q6-3.2),0),IF($B6="高二",MIN(IF($E6="男",$Q6-3.25,$Q6-3.22),0),IF($B6="高一",MIN(IF($E6="男",$Q6-3.3,$Q6-3.24),0))))<-0.6,IF($B6="高三",MIN(IF($E6="男",$Q6-3.2,$Q6-3.2),0),IF($B6="高二",MIN(IF($E6="男",$Q6-3.25,$Q6-3.22),0),IF($B6="高一",MIN(IF($E6="男",$Q6-3.3,$Q6-3.24),0))))+0.4,IF($B6="高三",MIN(IF($E6="男",$Q6-3.2,$Q6-3.2),0),IF($B6="高二",MIN(IF($E6="男",$Q6-3.25,$Q6-3.22),0),IF($B6="高一",MIN(IF($E6="男",$Q6-3.3,$Q6-3.24),0))))),2) -> 0 | T6: =IF(E6="男",LOOKUP($S6,[1]对照表!$AB$3:$AB$13,[1]对照表!$AC$3:$AC$13),LOOKUP($S6,[1]对照表!$AB$15:$AB$25,[1]对照表!$AC$15:$AC$25)) -> 0 | U6: =R6+T6 -> 90 | V6: =SUM(I6,K6,M6)/3*0.3+SUM(G6,R6)/2*0.4 -> 66.5 | W6: =O6+T6 -> 0 | X6: =V6/0.7+W6 -> 95 | Y6: 95
A7: 18 | B7: 高一 | C7: 101 | D7: 李奕阳 | E7: 男 | F7: 7 | G7: =IF(B7="高三",IF($E7="男",LOOKUP(F7,[1]对照表!$G$3:$G$24,[1]对照表!$H$3:$H$24),LOOKUP(F7,[1]对照表!$G$27:$G$48,[1]对照表!$H$27:$H$48)),IF(B7="高二",IF($E7="男",LOOKUP(F7,[1]对照表!$F$3:$F$24,[1]对照表!$H$3:$H$24),LOOKUP(F7,[1]对照表!$F$27:$F$48,[1]对照表!$H$27:$H$48)),IF(B7="高一",IF($E7="男",LOOKUP(F7,[1]对照表!$E$3:$E$24,[1]对照表!$H$3:$H$24),LOOKUP(F7,[1]对照表!$E$27:$E$48,[1]对照表!$H$27:$H$48))))) -> 100 | H7: 21.6 | I7: =IF(B7="高三",IF($E7="男",LOOKUP(H7,[1]对照表!$K$3:$K$24,[1]对照表!$L$3:$L$24),LOOKUP(H7,[1]对照表!$K$27:$K$48,[1]对照表!$L$27:$L$48)),IF(B7="高二",IF($E7="男",LOOKUP(H7,[1]对照表!$J$3:$J$24,[1]对照表!$L$3:$L$24),LOOKUP(H7,[1]对照表!$J$27:$J$48,[1]对照表!$L$27:$L$48)),IF(B7="高一",IF($E7="男",LOOKUP(H7,[1]对照表!$I$3:$I$24,[1]对照表!$L$3:$L$24),LOOKUP(H7,[1]对照表!$I$27:$I$48,[1]对照表!$L$27:$L$48))))) -> 95 | J7: 263 | K7: =IF(B7="高三",IF($E7="男",LOOKUP(J7,[1]对照表!$O$3:$O$24,[1]对照表!$P$3:$P$24),LOOKUP(J7,[1]对照表!$O$27:$O$48,[1]对照表!$P$27:$P$48)),IF(B7="高二",IF($E7="男",LOOKUP(J7,[1]对照表!$N$3:$N$24,[1]对照表!$P$3:$P$24),LOOKUP(J7,[1]对照表!$N$27:$N$48,[1]对照表!$P$27:$P$48)),IF(B7="高一",IF($E7="男",LOOKUP(J7,[1]对照表!$M$3:$M$24,[1]对照表!$P$3:$P$24),LOOKUP(J7,[1]对照表!$M$27:$M$48,[1]对照表!$P$27:$P$48))))) -> 100 | L7: 17 | M7: =IF(B7="高三",IF($E7="男",LOOKUP(L7,[1]对照表!$S$3:$S$24,[1]对照表!$T$3:$T$24),LOOKUP(L7,[1]对照表!$S$27:$S$48,[1]对照表!$T$27:$T$48)),IF(B7="高二",IF($E7="男",LOOKUP(L7,[1]对照表!$R$3:$R$24,[1]对照表!$T$3:$T$24),LOOKUP(L7,[1]对照表!$R$27:$R$48,[1]对照表!$T$27:$T$48)),IF(B7="高一",IF($E7="男",LOOKUP(L7,[1]对照表!$Q$3:$Q$24,[1]对照表!$T$3:$T$24),LOOKUP(L7,[1]对照表!$Q$27:$Q$48,[1]对照表!$T$27:$T$48))))) -> 100 | N7: =IF(B7="高三",MAX(IF(E7="男",L7-18,L7-55),0),IF(B7="高二",MAX(IF(E7="男",L7-17,L7-54),0),IF(B7="高一",MAX(IF(E7="男",L7-16,L7-53),0)))) -> 1 | O7: =IF(E7="男",LOOKUP($N7,[1]对照表!$Z$3:$Z$13,[1]对照表!$AA$3:$AA$13),LOOKUP($N7,[1]对照表!$Z$15:$Z$25,[1]对照表!$AA$15:$AA$25)) -> 1 | P7: =M7+O7 -> 101 | Q7: 3.56 | R7: =IF(B7="高三",IF($E7="男",LOOKUP(Q7,[1]对照表!$W$3:$W$24,[1]对照表!$X$3:$X$24),LOOKUP(Q7,[1]对照表!$W$27:$W$48,[1]对照表!$X$27:$X$48)),IF(B7="高二",IF($E7="男",LOOKUP(Q7,[1]对照表!$V$3:$V$24,[1]对照表!$X$3:$X$24),LOOKUP(Q7,[1]对照表!$V$27:$V$48,[1]对照表!$X$27:$X$48)),IF(B7="高一",IF($E7="男",LOOKUP(Q7,[1]对照表!$U$3:$U$24,[1]对照表!$X$3:$X$24),LOOKUP(Q7,[1]对照表!$U$27:$U$48,[1]对照表!$X$27:$X$48))))) -> 78 | S7: =ROUND(IF(IF($B7="高三",MIN(IF($E7="男",$Q7-3.2,$Q7-3.2),0),IF($B7="高二",MIN(IF($E7="男",$Q7-3.25,$Q7-3.22),0),IF($B7="高一",MIN(IF($E7="男",$Q7-3.3,$Q7-3.24),0))))<-0.6,IF($B7="高三",MIN(IF($E7="男",$Q7-3.2,$Q7-3.2),0),IF($B7="高二",MIN(IF($E7="男",$Q7-3.25,$Q7-3.22),0),IF($B7="高一",MIN(IF($E7="男",$Q7-3.3,$Q7-3.24),0))))+0.4,IF($B7="高三",MIN(IF($E7="男",$Q7-3.2,$Q7-3.2),0),IF($B7="高二",MIN(IF($E7="男",$Q7-3.25,$Q7-3.22),0),IF($B7="高一",MIN(IF($E7="男",$Q7-3.3,$Q7-3.24),0))))),2) -> 0 | T7: =IF(E7="男",LOOKUP($S7,[1]对照表!$AB$3:$AB$13,[1]对照表!$AC$3:$AC$13),LOOKUP($S7,[1]对照表!$AB$15:$AB$25,[1]对照表!$AC$15:$AC$25)) -> 0 | U7: =R7+T7 -> 78 | V7: =SUM(I7,K7,M7)/3*0.3+SUM(G7,R7)/2*0.4 -> 65.1 | W7: =O7+T7 -> 1 | X7: =V7/0.7+W7 -> 94 | Y7: 94
A8: 16 | B8: 高一 | C8: 101 | D8: 李亮熙 | E8: 男 | F8: 7.2 | G8: =IF(B8="高三",IF($E8="男",LOOKUP(F8,[1]对照表!$G$3:$G$24,[1]对照表!$H$3:$H$24),LOOKUP(F8,[1]对照表!$G$27:$G$48,[1]对照表!$H$27:$H$48)),IF(B8="高二",IF($E8="男",LOOKUP(F8,[1]对照表!$F$3:$F$24,[1]对照表!$H$3:$H$24),LOOKUP(F8,[1]对照表!$F$27:$F$48,[1]对照表!$H$27:$H$48)),IF(B8="高一",IF($E8="男",LOOKUP(F8,[1]对照表!$E$3:$E$24,[1]对照表!$H$3:$H$24),LOOKUP(F8,[1]对照表!$E$27:$E$48,[1]对照表!$H$27:$H$48))))) -> 95 | H8: 31.5 | I8: =IF(B8="高三",IF($E8="男",LOOKUP(H8,[1]对照表!$K$3:$K$24,[1]对照表!$L$3:$L$24),LOOKUP(H8,[1]对照表!$K$27:$K$48,[1]对照表!$L$27:$L$48)),IF(B8="高二",IF($E8="男",LOOKUP(H8,[1]对照表!$J$3:$J$24,[1]对照表!$L$3:$L$24),LOOKUP(H8,[1]对照表!$J$27:$J$48,[1]对照表!$L$27:$L$48)),IF(B8="高一",IF($E8="男",LOOKUP(H8,[1]对照表!$I$3:$I$24,[1]对照表!$L$3:$L$24),LOOKUP(H8,[1]对照表!$I$27:$I$48,[1]对照表!$L$27:$L$48))))) -> 100 | J8: 246 | K8: =IF(B8="高三",IF($E8="男",LOOKUP(J8,[1]对照表!$O$3:$O$24,[1]对照表!$P$3:$P$24),LOOKUP(J8,[1]对照表!$O$27:$O$48,[1]对照表!$P$27:$P$48)),IF(B8="高二",IF($E8="男",LOOKUP(J8,[1]对照表!$N$3:$N$24,[1]对照表!$P$3:$P$24),LOOKUP(J8,[1]对照表!$N$27:$N$48,[1]对照表!$P$27:$P$48)),IF(B8="高一",IF($E8="男",LOOKUP(J8,[1]对照表!$M$3:$M$24,[1]对照表!$P$3:$P$24),LOOKUP(J8,[1]对照表!$M$27:$M$48,[1]对照表!$P$27:$P$48))))) -> 85 | L8: 9 | M8: =IF(B8="高三",IF($E8="男",LOOKUP(L8,[1]对照表!$S$3:$S$24,[1]对照表!$T$3:$T$24),LOOKUP(L8,[1]对照表!$S$27:$S$48,[1]对照表!$T$27:$T$48)),IF(B8="高二",IF($E8="男",LOOKUP(L8,[1]对照表!$R$3:$R$24,[1]对照表!$T$3:$T$24),LOOKUP(L8,[1]对照表!$R$27:$R$48,[1]对照表!$T$27:$T$48)),IF(B8="高一",IF($E8="男",LOOKUP(L8,[1]对照表!$Q$3:$Q$24,[1]对照表!$T$3:$T$24),LOOKUP(L8,[1]对照表!$Q$27:$Q$48,[1]对照表!$T$27:$T$48))))) -> 68 | N8: =IF(B8="高三",MAX(IF(E8="男",L8-18,L8-55),0),IF(B8="高二",MAX(IF(E8="男",L8-17,L8-54),0),IF(B8="高一",MAX(IF(E8="男",L8-16,L8-53),0)))) -> 0 | O8: =IF(E8="男",LOOKUP($N8,[1]对照表!$Z$3:$Z$13,[1]对照表!$AA$3:$AA$13),LOOKUP($N8,[1]对照表!$Z$15:$Z$25,[1]对照表!$AA$15:$AA$25)) -> 0 | P8: =M8+O8 -> 68 | Q8: 3.28 | R8: =IF(B8="高三",IF($E8="男",LOOKUP(Q8,[1]对照表!$W$3:$W$24,[1]对照表!$X$3:$X$24),LOOKUP(Q8,[1]对照表!$W$27:$W$48,[1]对照表!$X$27:$X$48)),IF(B8="高二",IF($E8="男",LOOKUP(Q8,[1]对照表!$V$3:$V$24,[1]对照表!$X$3:$X$24),LOOKUP(Q8,[1]对照表!$V$27:$V$48,[1]对照表!$X$27:$X$48)),IF(B8="高一",IF($E8="男",LOOKUP(Q8,[1]对照表!$U$3:$U$24,[1]对照表!$X$3:$X$24),LOOKUP(Q8,[1]对照表!$U$27:$U$48,[1]对照表!$X$27:$X$48))))) -> 100 | S8: =ROUND(IF(IF($B8="高三",MIN(IF($E8="男",$Q8-3.2,$Q8-3.2),0),IF($B8="高二",MIN(IF($E8="男",$Q8-3.25,$Q8-3.22),0),IF($B8="高一",MIN(IF($E8="男",$Q8-3.3,$Q8-3.24),0))))<-0.6,IF($B8="高三",MIN(IF($E8="男",$Q8-3.2,$Q8-3.2),0),IF($B8="高二",MIN(IF($E8="男",$Q8-3.25,$Q8-3.22),0),IF($B8="高一",MIN(IF($E8="男",$Q8-3.3,$Q8-3.24),0))))+0.4,IF($B8="高三",MIN(IF($E8="男",$Q8-3.2,$Q8-3.2),0),IF($B8="高二",MIN(IF($E8="男",$Q8-3.25,$Q8-3.22),0),IF($B8="高一",MIN(IF($E8="男",$Q8-3.3,$Q8-3.24),0))))),2) -> -0.02 | T8: =IF(E8="男",LOOKUP($S8,[1]对照表!$AB$3:$AB$13,[1]对照表!$AC$3:$AC$13),LOOKUP($S8,[1]对照表!$AB$15:$AB$25,[1]对照表!$AC$15:$AC$25)) -> 0 | U8: =R8+T8 -> 100 | V8: =SUM(I8,K8,M8)/3*0.3+SUM(G8,R8)/2*0.4 -> 64.3 | W8: =O8+T8 -> 0 | X8: =V8/0.7+W8 -> 91.857143 | Y8: 91.857143
A9: 38 | B9: 高一 | C9: 101 | D9: 朱皓瀛 | E9: 男 | F9: 7.1 | G9: =IF(B9="高三",IF($E9="男",LOOKUP(F9,[1]对照表!$G$3:$G$24,[1]对照表!$H$3:$H$24),LOOKUP(F9,[1]对照表!$G$27:$G$48,[1]对照表!$H$27:$H$48)),IF(B9="高二",IF($E9="男",LOOKUP(F9,[1]对照表!$F$3:$F$24,[1]对照表!$H$3:$H$24),LOOKUP(F9,[1]对照表!$F$27:$F$48,[1]对照表!$H$27:$H$48)),IF(B9="高一",IF($E9="男",LOOKUP(F9,[1]对照表!$E$3:$E$24,[1]对照表!$H$3:$H$24),LOOKUP(F9,[1]对照表!$E$27:$E$48,[1]对照表!$H$27:$H$48))))) -> 100 | H9: 15.5 | I9: =IF(B9="高三",IF($E9="男",LOOKUP(H9,[1]对照表!$K$3:$K$24,[1]对照表!$L$3:$L$24),LOOKUP(H9,[1]对照表!$K$27:$K$48,[1]对照表!$L$27:$L$48)),IF(B9="高二",IF($E9="男",LOOKUP(H9,[1]对照表!$J$3:$J$24,[1]对照表!$L$3:$L$24),LOOKUP(H9,[1]对照表!$J$27:$J$48,[1]对照表!$L$27:$L$48)),IF(B9="高一",IF($E9="男",LOOKUP(H9,[1]对照表!$I$3:$I$24,[1]对照表!$L$3:$L$24),LOOKUP(H9,[1]对照表!$I$27:$I$48,[1]对照表!$L$27:$L$48))))) -> 80 | J9: 228 | K9: =IF(B9="高三",IF($E9="男",LOOKUP(J9,[1]对照表!$O$3:$O$24,[1]对照表!$P$3:$P$24),LOOKUP(J9,[1]对照表!$O$27:$O$48,[1]对照表!$P$27:$P$48)),IF(B9="高二",IF($E9="男",LOOKUP(J9,[1]对照表!$N$3:$N$24,[1]对照表!$P$3:$P$24),LOOKUP(J9,[1]对照表!$N$27:$N$48,[1]对照表!$P$27:$P$48)),IF(B9="高一",IF($E9="男",LOOKUP(J9,[1]对照表!$M$3:$M$24,[1]对照表!$P$3:$P$24),LOOKUP(J9,[1]对照表!$M$27:$M$48,[1]对照表!$P$27:$P$48))))) -> 76 | L9: 17 | M9: =IF(B9="高三",IF($E9="男",LOOKUP(L9,[1]对照表!$S$3:$S$24,[1]对照表!$T$3:$T$24),LOOKUP(L9,[1]对照表!$S$27:$S$48,[1]对照表!$T$27:$T$48)),IF(B9="高二",IF($E9="男",LOOKUP(L9,[1]对照表!$R$3:$R$24,[1]对照表!$T$3:$T$24),LOOKUP(L9,[1]对照表!$R$27:$R$48,[1]对照表!$T$27:$T$48)),IF(B9="高一",IF($E9="男",LOOKUP(L9,[1]对照表!$Q$3:$Q$24,[1]对照表!$T$3:$T$24),LOOKUP(L9,[1]对照表!$Q$27:$Q$48,[1]对照表!$T$27:$T$48))))) -> 100 | N9: =IF(B9="高三",MAX(IF(E9="男",L9-18,L9-55),0),IF(B9="高二",MAX(IF(E9="男",L9-17,L9-54),0),IF(B9="高一",MAX(IF(E9="男",L9-16,L9-53),0)))) -> 1 | O9: =IF(E9="男",LOOKUP($N9,[1]对照表!$Z$3:$Z$13,[1]对照表!$AA$3:$AA$13),LOOKUP($N9,[1]对照表!$Z$15:$Z$25,[1]对照表!$AA$15:$AA$25)) -> 1 | P9: =M9+O9 -> 101 | Q9: 3.41 | R9: =IF(B9="高三",IF($E9="男",LOOKUP(Q9,[1]对照表!$W$3:$W$24,[1]对照表!$X$3:$X$24),LOOKUP(Q9,[1]对照表!$W$27:$W$48,[1]对照表!$X$27:$X$48)),IF(B9="高二",IF($E9="男",LOOKUP(Q9,[1]对照表!$V$3:$V$24,[1]对照表!$X$3:$X$24),LOOKUP(Q9,[1]对照表!$V$27:$V$48,[1]对照表!$X$27:$X$48)),IF(B9="高一",IF($E9="男",LOOKUP(Q9,[1]对照表!$U$3:$U$24,[1]对照表!$X$3:$X$24),LOOKUP(Q9,[1]对照表!$U$27:$U$48,[1]对照表!$X$27:$X$48))))) -> 85 | S9: =ROUND(IF(IF($B9="高三",MIN(IF($E9="男",$Q9-3.2,$Q9-3.2),0),IF($B9="高二",MIN(IF($E9="男",$Q9-3.25,$Q9-3.22),0),IF($B9="高一",MIN(IF($E9="男",$Q9-3.3,$Q9-3.24),0))))<-0.6,IF($B9="高三",MIN(IF($E9="男",$Q9-3.2,$Q9-3.2),0),IF($B9="高二",MIN(IF($E9="男",$Q9-3.25,$Q9-3.22),0),IF($B9="高一",MIN(IF($E9="男",$Q9-3.3,$Q9-3.24),0))))+0.4,IF($B9="高三",MIN(IF($E9="男",$Q9-3.2,$Q9-3.2),0),IF($B9="高二",MIN(IF($E9="男",$Q9-3.25,$Q9-3.22),0),IF($B9="高一",MIN(IF($E9="男",$Q9-3.3,$Q9-3.24),0))))),2) -> 0 | T9: =IF(E9="男",LOOKUP($S9,[1]对照表!$AB$3:$AB$13,[1]对照表!$AC$3:$AC$13),LOOKUP($S9,[1]对照表!$AB$15:$AB$25,[1]对照表!$AC$15:$AC$25)) -> 0 | U9: =R9+T9 -> 85 | V9: =SUM(I9,K9,M9)/3*0.3+SUM(G9,R9)/2*0.4 -> 62.6 | W9: =O9+T9 -> 1 | X9: =V9/0.7+W9 -> 90.428571 | Y9: 90.428571
A10: 4 | B10: 高一 | C10: 101 | D10: 陈科嘉 | E10: 男 | F10: 7.2 | G10: =IF(B10="高三",IF($E10="男",LOOKUP(F10,[1]对照表!$G$3:$G$24,[1]对照表!$H$3:$H$24),LOOKUP(F10,[1]对照表!$G$27:$G$48,[1]对照表!$H$27:$H$48)),IF(B10="高二",IF($E10="男",LOOKUP(F10,[1]对照表!$F$3:$F$24,[1]对照表!$H$3:$H$24),LOOKUP(F10,[1]对照表!$F$27:$F$48,[1]对照表!$H$27:$H$48)),IF(B10="高一",IF($E10="男",LOOKUP(F10,[1]对照表!$E$3:$E$24,[1]对照表!$H$3:$H$24),LOOKUP(F10,[1]对照表!$E$27:$E$48,[1]对照表!$H$27:$H$48))))) -> 95 | H10: 3.1 | I10: =IF(B10="高三",IF($E10="男",LOOKUP(H10,[1]对照表!$K$3:$K$24,[1]对照表!$L$3:$L$24),LOOKUP(H10,[1]对照表!$K$27:$K$48,[1]对照表!$L$27:$L$48)),IF(B10="高二",IF($E10="男",LOOKUP(H10,[1]对照表!$J$3:$J$24,[1]对照表!$L$3:$L$24),LOOKUP(H10,[1]对照表!$J$27:$J$48,[1]对照表!$L$27:$L$48)),IF(B10="高一",IF($E10="男",LOOKUP(H10,[1]对照表!$I$3:$I$24,[1]对照表!$L$3:$L$24),LOOKUP(H10,[1]对照表!$I$27:$I$48,[1]对照表!$L$27:$L$48))))) -> 62 | J10: 238 | K10: =IF(B10="高三",IF($E10="男",LOOKUP(J10,[1]对照表!$O$3:$O$24,[1]对照表!$P$3:$P$24),LOOKUP(J10,[1]对照表!$O$27:$O$48,[1]对照表!$P$27:$P$48)),IF(B10="高二",IF($E10="男",LOOKUP(J10,[1]对照表!$N$3:$N$24,[1]对照表!$P$3:$P$24),LOOKUP(J10,[1]对照表!$N$27:$N$48,[1]对照表!$P$27:$P$48)),IF(B10="高一",IF($E10="男",LOOKUP(J10,[1]对照表!$M$3:$M$24,[1]对照表!$P$3:$P$24),LOOKUP(J10,[1]对照表!$M$27:$M$48,[1]对照表!$P$27:$P$48))))) -> 80 | L10: 20 | M10: =IF(B10="高三",IF($E10="男",LOOKUP(L10,[1]对照表!$S$3:$S$24,[1]对照表!$T$3:$T$24),LOOKUP(L10,[1]对照表!$S$27:$S$48,[1]对照表!$T$27:$T$48)),IF(B10="高二",IF($E10="男",LOOKUP(L10,[1]对照表!$R$3:$R$24,[1]对照表!$T$3:$T$24),LOOKUP(L10,[1]对照表!$R$27:$R$48,[1]对照表!$T$27:$T$48)),IF(B10="高一",IF($E10="男",LOOKUP(L10,[1]对照表!$Q$3:$Q$24,[1]对照表!$T$3:$T$24),LOOKUP(L10,[1]对照表!$Q$27:$Q$48,[1]对照表!$T$27:$T$48))))) -> 100 | N10: =IF(B10="高三",MAX(IF(E10="男",L10-18,L10-55),0),IF(B10="高二",MAX(IF(E10="男",L10-17,L10-54),0),IF(B10="高一",MAX(IF(E10="男",L10-16,L10-53),0)))) -> 4 | O10: =IF(E10="男",LOOKUP($N10,[1]对照表!$Z$3:$Z$13,[1]对照表!$AA$3:$AA$13),LOOKUP($N10,[1]对照表!$Z$15:$Z$25,[1]对照表!$AA$15:$AA$25)) -> 4 | P10: =M10+O10 -> 104 | Q10: 3.46 | R10: =IF(B10="高三",IF($E10="男",LOOKUP(Q10,[1]对照表!$W$3:$W$24,[1]对照表!$X$3:$X$24),LOOKUP(Q10,[1]对照表!$W$27:$W$48,[1]对照表!$X$27:$X$48)),IF(B10="高二",IF($E10="男",LOOKUP(Q10,[1]对照表!$V$3:$V$24,[1]对照表!$X$3:$X$24),LOOKUP(Q10,[1]对照表!$V$27:$V$48,[1]对照表!$X$27:$X$48)),IF(B10="高一",IF($E10="男",LOOKUP(Q10,[1]对照表!$U$3:$U$24,[1]对照表!$X$3:$X$24),LOOKUP(Q10,[1]对照表!$U$27:$U$48,[1]对照表!$X$27:$X$48))))) -> 85 | S10: =ROUND(IF(IF($B10="高三",MIN(IF($E10="男",$Q10-3.2,$Q10-3.2),0),IF($B10="高二",MIN(IF($E10="男",$Q10-3.25,$Q10-3.22),0),IF($B10="高一",MIN(IF($E10="男",$Q10-3.3,$Q10-3.24),0))))<-0.6,IF($B10="高三",MIN(IF($E10="男",$Q10-3.2,$Q10-3.2),0),IF($B10="高二",MIN(IF($E10="男",$Q10-3.25,$Q10-3.22),0),IF($B10="高一",MIN(IF($E10="男",$Q10-3.3,$Q10-3.24),0))))+0.4,IF($B10="高三",MIN(IF($E10="男",$Q10-3.2,$Q10-3.2),0),IF($B10="高二",MIN(IF($E10="男",$Q10-3.25,$Q10-3.22),0),IF($B10="高一",MIN(IF($E10="男",$Q10-3.3,$Q10-3.24),0))))),2) -> 0 | T10: =IF(E10="男",LOOKUP($S10,[1]对照表!$AB$3:$AB$13,[1]对照表!$AC$3:$AC$13),LOOKUP($S10,[1]对照表!$AB$15:$AB$25,[1]对照表!$AC$15:$AC$25)) -> 0 | U10: =R10+T10 -> 85 | V10: =SUM(I10,K10,M10)/3*0.3+SUM(G10,R10)/2*0.4 -> 60.2 | W10: =O10+T10 -> 4 | X10: =V10/0.7+W10 -> 90 | Y10: 90
A11: 9 | B11: 高一 | C11: 101 | D11: 付杨帆 | E11: 男 | F11: 7.1 | G11: =IF(B11="高三",IF($E11="男",LOOKUP(F11,[1]对照表!$G$3:$G$24,[1]对照表!$H$3:$H$24),LOOKUP(F11,[1]对照表!$G$27:$G$48,[1]对照表!$H$27:$H$48)),IF(B11="高二",IF($E11="男",LOOKUP(F11,[1]对照表!$F$3:$F$24,[1]对照表!$H$3:$H$24),LOOKUP(F11,[1]对照表!$F$27:$F$48,[1]对照表!$H$27:$H$48)),IF(B11="高一",IF($E11="男",LOOKUP(F11,[1]对照表!$E$3:$E$24,[1]对照表!$H$3:$H$24),LOOKUP(F11,[1]对照表!$E$27:$E$48,[1]对照表!$H$27:$H$48))))) -> 100 | H11: 2.8 | I11: =IF(B11="高三",IF($E11="男",LOOKUP(H11,[1]对照表!$K$3:$K$24,[1]对照表!$L$3:$L$24),LOOKUP(H11,[1]对照表!$K$27:$K$48,[1]对照表!$L$27:$L$48)),IF(B11="高二",IF($E11="男",LOOKUP(H11,[1]对照表!$J$3:$J$24,[1]对照表!$L$3:$L$24),LOOKUP(H11,[1]对照表!$J$27:$J$48,[1]对照表!$L$27:$L$48)),IF(B11="高一",IF($E11="男",LOOKUP(H11,[1]对照表!$I$3:$I$24,[1]对照表!$L$3:$L$24),LOOKUP(H11,[1]对照表!$I$27:$I$48,[1]对照表!$L$27:$L$48))))) -> 62 | J11: 236 | K11: =IF(B11="高三",IF($E11="男",LOOKUP(J11,[1]对照表!$O$3:$O$24,[1]对照表!$P$3:$P$24),LOOKUP(J11,[1]对照表!$O$27:$O$48,[1]对照表!$P$27:$P$48)),IF(B11="高二",IF($E11="男",LOOKUP(J11,[1]对照表!$N$3:$N$24,[1]对照表!$P$3:$P$24),LOOKUP(J11,[1]对照表!$N$27:$N$48,[1]对照表!$P$27:$P$48)),IF(B11="高一",IF($E11="男",LOOKUP(J11,[1]对照表!$M$3:$M$24,[1]对照表!$P$3:$P$24),LOOKUP(J11,[1]对照表!$M$27:$M$48,[1]对照表!$P$27:$P$48))))) -> 80 | L11: 15 | M11: =IF(B11="高三",IF($E11="男",LOOKUP(L11,[1]对照表!$S$3:$S$24,[1]对照表!$T$3:$T$24),LOOKUP(L11,[1]对照表!$S$27:$S$48,[1]对照表!$T$27:$T$48)),IF(B11="高二",IF($E11="男",LOOKUP(L11,[1]对照表!$R$3:$R$24,[1]对照表!$T$3:$T$24),LOOKUP(L11,[1]对照表!$R$27:$R$48,[1]对照表!$T$27:$T$48)),IF(B11="高一",IF($E11="男",LOOKUP(L11,[1]对照表!$Q$3:$Q$24,[1]对照表!$T$3:$T$24),LOOKUP(L11,[1]对照表!$Q$27:$Q$48,[1]对照表!$T$27:$T$48))))) -> 95 | N11: =IF(B11="高三",MAX(IF(E11="男",L11-18,L11-55),0),IF(B11="高二",MAX(IF(E11="男",L11-17,L11-54),0),IF(B11="高一",MAX(IF(E11="男",L11-16,L11-53),0)))) -> 0 | O11: =IF(E11="男",LOOKUP($N11,[1]对照表!$Z$3:$Z$13,[1]对照表!$AA$3:$AA$13),LOOKUP($N11,[1]对照表!$Z$15:$Z$25,[1]对照表!$AA$15:$AA$25)) -> 0 | P11: =M11+O11 -> 95 | Q11: 3.31 | R11: =IF(B11="高三",IF($E11="男",LOOKUP(Q11,[1]对照表!$W$3:$W$24,[1]对照表!$X$3:$X$24),LOOKUP(Q11,[1]对照表!$W$27:$W$48,[1]对照表!$X$27:$X$48)),IF(B11="高二",IF($E11="男",LOOKUP(Q11,[1]对照表!$V$3:$V$24,[1]对照表!$X$3:$X$24),LOOKUP(Q11,[1]对照表!$V$27:$V$48,[1]对照表!$X$27:$X$48)),IF(B11="高一",IF($E11="男",LOOKUP(Q11,[1]对照表!$U$3:$U$24,[1]对照表!$X$3:$X$24),LOOKUP(Q11,[1]对照表!$U$27:$U$48,[1]对照表!$X$27:$X$48))))) -> 95 | S11: =ROUND(IF(IF($B11="高三",MIN(IF($E11="男",$Q11-3.2,$Q11-3.2),0),IF($B11="高二",MIN(IF($E11="男",$Q11-3.25,$Q11-3.22),0),IF($B11="高一",MIN(IF($E11="男",$Q11-3.3,$Q11-3.24),0))))<-0.6,IF($B11="高三",MIN(IF($E11="男",$Q11-3.2,$Q11-3.2),0),IF($B11="高二",MIN(IF($E11="男",$Q11-3.25,$Q11-3.22),0),IF($B11="高一",MIN(IF($E11="男",$Q11-3.3,$Q11-3.24),0))))+0.4,IF($B11="高三",MIN(IF($E11="男",$Q11-3.2,$Q11-3.2),0),IF($B11="高二",MIN(IF($E11="男",$Q11-3.25,$Q11-3.22),0),IF($B11="高一",MIN(IF($E11="男",$Q11-3.3,$Q11-3.24),0))))),2) -> 0 | T11: =IF(E11="男",LOOKUP($S11,[1]对照表!$AB$3:$AB$13,[1]对照表!$AC$3:$AC$13),LOOKUP($S11,[1]对照表!$AB$15:$AB$25,[1]对照表!$AC$15:$AC$25)) -> 0 | U11: =R11+T11 -> 95 | V11: =SUM(I11,K11,M11)/3*0.3+SUM(G11,R11)/2*0.4 -> 62.7 | W11: =O11+T11 -> 0 | X11: =V11/0.7+W11 -> 89.571429 | Y11: 89.571429
A12: 40 | B12: 高一 | C12: 101 | D12: 朱屹茗 | E12: 男 | F12: 7 | G12: =IF(B12="高三",IF($E12="男",LOOKUP(F12,[1]对照表!$G$3:$G$24,[1]对照表!$H$3:$H$24),LOOKUP(F12,[1]对照表!$G$27:$G$48,[1]对照表!$H$27:$H$48)),IF(B12="高二",IF($E12="男",LOOKUP(F12,[1]对照表!$F$3:$F$24,[1]对照表!$H$3:$H$24),LOOKUP(F12,[1]对照表!$F$27:$F$48,[1]对照表!$H$27:$H$48)),IF(B12="高一",IF($E12="男",LOOKUP(F12,[1]对照表!$E$3:$E$24,[1]对照表!$H$3:$H$24),LOOKUP(F12,[1]对照表!$E$27:$E$48,[1]对照表!$H$27:$H$48))))) -> 100 | H12: 8 | I12: =IF(B12="高三",IF($E12="男",LOOKUP(H12,[1]对照表!$K$3:$K$24,[1]对照表!$L$3:$L$24),LOOKUP(H12,[1]对照表!$K$27:$K$48,[1]对照表!$L$27:$L$48)),IF(B12="高二",IF($E12="男",LOOKUP(H12,[1]对照表!$J$3:$J$24,[1]对照表!$L$3:$L$24),LOOKUP(H12,[1]对照表!$J$27:$J$48,[1]对照表!$L$27:$L$48)),IF(B12="高一",IF($E12="男",LOOKUP(H12,[1]对照表!$I$3:$I$24,[1]对照表!$L$3:$L$24),LOOKUP(H12,[1]对照表!$I$27:$I$48,[1]对照表!$L$27:$L$48))))) -> 70 | J12: 230 | K12: =IF(B12="高三",IF($E12="男",LOOKUP(J12,[1]对照表!$O$3:$O$24,[1]对照表!$P$3:$P$24),LOOKUP(J12,[1]对照表!$O$27:$O$48,[1]对照表!$P$27:$P$48)),IF(B12="高二",IF($E12="男",LOOKUP(J12,[1]对照表!$N$3:$N$24,[1]对照表!$P$3:$P$24),LOOKUP(J12,[1]对照表!$N$27:$N$48,[1]对照表!$P$27:$P$48)),IF(B12="高一",IF($E12="男",LOOKUP(J12,[1]对照表!$M$3:$M$24,[1]对照表!$P$3:$P$24),LOOKUP(J12,[1]对照表!$M$27:$M$48,[1]对照表!$P$27:$P$48))))) -> 76 | L12: 14 | M12: =IF(B12="高三",IF($E12="男",LOOKUP(L12,[1]对照表!$S$3:$S$24,[1]对照表!$T$3:$T$24),LOOKUP(L12,[1]对照表!$S$27:$S$48,[1]对照表!$T$27:$T$48)),IF(B12="高二",IF($E12="男",LOOKUP(L12,[1]对照表!$R$3:$R$24,[1]对照表!$T$3:$T$24),LOOKUP(L12,[1]对照表!$R$27:$R$48,[1]对照表!$T$27:$T$48)),IF(B12="高一",IF($E12="男",LOOKUP(L12,[1]对照表!$Q$3:$Q$24,[1]对照表!$T$3:$T$24),LOOKUP(L12,[1]对照表!$Q$27:$Q$48,[1]对照表!$T$27:$T$48))))) -> 90 | N12: =IF(B12="高三",MAX(IF(E12="男",L12-18,L12-55),0),IF(B12="高二",MAX(IF(E12="男",L12-17,L12-54),0),IF(B12="高一",MAX(IF(E12="男",L12-16,L12-53),0)))) -> 0 | O12: =IF(E12="男",LOOKUP($N12,[1]对照表!$Z$3:$Z$13,[1]对照表!$AA$3:$AA$13),LOOKUP($N12,[1]对照表!$Z$15:$Z$25,[1]对照表!$AA$15:$AA$25)) -> 0 | P12: =M12+O12 -> 90 | Q12: 3.4 | R12: =IF(B12="高三",IF($E12="男",LOOKUP(Q12,[1]对照表!$W$3:$W$24,[1]对照表!$X$3:$X$24),LOOKUP(Q12,[1]对照表!$W$27:$W$48,[1]对照表!$X$27:$X$48)),IF(B12="高二",IF($E12="男",LOOKUP(Q12,[1]对照表!$V$3:$V$24,[1]对照表!$X$3:$X$24),LOOKUP(Q12,[1]对照表!$V$27:$V$48,[1]对照表!$X$27:$X$48)),IF(B12="高一",IF($E12="男",LOOKUP(Q12,[1]对照表!$U$3:$U$24,[1]对照表!$X$3:$X$24),LOOKUP(Q12,[1]对照表!$U$27:$U$48,[1]对照表!$X$27:$X$48))))) -> 90 | S12: =ROUND(IF(IF($B12="高三",MIN(IF($E12="男",$Q12-3.2,$Q12-3.2),0),IF($B12="高二",MIN(IF($E12="男",$Q12-3.25,$Q12-3.22),0),IF($B12="高一",MIN(IF($E12="男",$Q12-3.3,$Q12-3.24),0))))<-0.6,IF($B12="高三",MIN(IF($E12="男",$Q12-3.2,$Q12-3.2),0),IF($B12="高二",MIN(IF($E12="男",$Q12-3.25,$Q12-3.22),0),IF($B12="高一",MIN(IF($E12="男",$Q12-3.3,$Q12-3.24),0))))+0.4,IF($B12="高三",MIN(IF($E12="男",$Q12-3.2,$Q12-3.2),0),IF($B12="高二",MIN(IF($E12="男",$Q12-3.25,$Q12-3.22),0),IF($B12="高一",MIN(IF($E12="男",$Q12-3.3,$Q12-3.24),0))))),2) -> 0 | T12: =IF(E12="男",LOOKUP($S12,[1]对照表!$AB$3:$AB$13,[1]对照表!$AC$3:$AC$13),LOOKUP($S12,[1]对照表!$AB$15:$AB$25,[1]对照表!$AC$15:$AC$25)) -> 0 | U12: =R12+T12 -> 90 | V12: =SUM(I12,K12,M12)/3*0.3+SUM(G12,R12)/2*0.4 -> 61.6 | W12: =O12+T12 -> 0 | X12: =V12/0.7+W12 -> 88 | Y12: 88
A13: 26 | B13: 高一 | C13: 101 | D13: 任浩轩 | E13: 男 | F13: 7.1 | G13: =IF(B13="高三",IF($E13="男",LOOKUP(F13,[1]对照表!$G$3:$G$24,[1]对照表!$H$3:$H$24),LOOKUP(F13,[1]对照表!$G$27:$G$48,[1]对照表!$H$27:$H$48)),IF(B13="高二",IF($E13="男",LOOKUP(F13,[1]对照表!$F$3:$F$24,[1]对照表!$H$3:$H$24),LOOKUP(F13,[1]对照表!$F$27:$F$48,[1]对照表!$H$27:$H$48)),IF(B13="高一",IF($E13="男",LOOKUP(F13,[1]对照表!$E$3:$E$24,[1]对照表!$H$3:$H$24),LOOKUP(F13,[1]对照表!$E$27:$E$48,[1]对照表!$H$27:$H$48))))) -> 100 | H13: 12 | I13: =IF(B13="高三",IF($E13="男",LOOKUP(H13,[1]对照表!$K$3:$K$24,[1]对照表!$L$3:$L$24),LOOKUP(H13,[1]对照表!$K$27:$K$48,[1]对照表!$L$27:$L$48)),IF(B13="高二",IF($E13="男",LOOKUP(H13,[1]对照表!$J$3:$J$24,[1]对照表!$L$3:$L$24),LOOKUP(H13,[1]对照表!$J$27:$J$48,[1]对照表!$L$27:$L$48)),IF(B13="高一",IF($E13="男",LOOKUP(H13,[1]对照表!$I$3:$I$24,[1]对照表!$L$3:$L$24),LOOKUP(H13,[1]对照表!$I$27:$I$48,[1]对照表!$L$27:$L$48))))) -> 74 | J13: 210 | K13: =IF(B13="高三",IF($E13="男",LOOKUP(J13,[1]对照表!$O$3:$O$24,[1]对照表!$P$3:$P$24),LOOKUP(J13,[1]对照表!$O$27:$O$48,[1]对照表!$P$27:$P$48)),IF(B13="高二",IF($E13="男",LOOKUP(J13,[1]对照表!$N$3:$N$24,[1]对照表!$P$3:$P$24),LOOKUP(J13,[1]对照表!$N$27:$N$48,[1]对照表!$P$27:$P$48)),IF(B13="高一",IF($E13="男",LOOKUP(J13,[1]对照表!$M$3:$M$24,[1]对照表!$P$3:$P$24),LOOKUP(J13,[1]对照表!$M$27:$M$48,[1]对照表!$P$27:$P$48))))) -> 66 | L13: 9 | M13: =IF(B13="高三",IF($E13="男",LOOKUP(L13,[1]对照表!$S$3:$S$24,[1]对照表!$T$3:$T$24),LOOKUP(L13,[1]对照表!$S$27:$S$48,[1]对照表!$T$27:$T$48)),IF(B13="高二",IF($E13="男",LOOKUP(L13,[1]对照表!$R$3:$R$24,[1]对照表!$T$3:$T$24),LOOKUP(L13,[1]对照表!$R$27:$R$48,[1]对照表!$T$27:$T$48)),IF(B13="高一",IF($E13="男",LOOKUP(L13,[1]对照表!$Q$3:$Q$24,[1]对照表!$T$3:$T$24),LOOKUP(L13,[1]对照表!$Q$27:$Q$48,[1]对照表!$T$27:$T$48))))) -> 68 | N13: =IF(B13="高三",MAX(IF(E13="男",L13-18,L13-55),0),IF(B13="高二",MAX(IF(E13="男",L13-17,L13-54),0),IF(B13="高一",MAX(IF(E13="男",L13-16,L13-53),0)))) -> 0 | O13: =IF(E13="男",LOOKUP($N13,[1]对照表!$Z$3:$Z$13,[1]对照表!$AA$3:$AA$13),LOOKUP($N13,[1]对照表!$Z$15:$Z$25,[1]对照表!$AA$15:$AA$25)) -> 0 | P13: =M13+O13 -> 68 | Q13: 3.25 | R13: =IF(B13="高三",IF($E13="男",LOOKUP(Q13,[1]对照表!$W$3:$W$24,[1]对照表!$X$3:$X$24),LOOKUP(Q13,[1]对照表!$W$27:$W$48,[1]对照表!$X$27:$X$48)),IF(B13="高二",IF($E13="男",LOOKUP(Q13,[1]对照表!$V$3:$V$24,[1]对照表!$X$3:$X$24),LOOKUP(Q13,[1]对照表!$V$27:$V$48,[1]对照表!$X$27:$X$48)),IF(B13="高一",IF($E13="男",LOOKUP(Q13,[1]对照表!$U$3:$U$24,[1]对照表!$X$3:$X$24),LOOKUP(Q13,[1]对照表!$U$27:$U$48,[1]对照表!$X$27:$X$48))))) -> 100 | S13: =ROUND(IF(IF($B13="高三",MIN(IF($E13="男",$Q13-3.2,$Q13-3.2),0),IF($B13="高二",MIN(IF($E13="男",$Q13-3.25,$Q13-3.22),0),IF($B13="高一",MIN(IF($E13="男",$Q13-3.3,$Q13-3.24),0))))<-0.6,IF($B13="高三",MIN(IF($E13="男",$Q13-3.2,$Q13-3.2),0),IF($B13="高二",MIN(IF($E13="男",$Q13-3.25,$Q13-3.22),0),IF($B13="高一",MIN(IF($E13="男",$Q13-3.3,$Q13-3.24),0))))+0.4,IF($B13="高三",MIN(IF($E13="男",$Q13-3.2,$Q13-3.2),0),IF($B13="高二",MIN(IF($E13="男",$Q13-3.25,$Q13-3.22),0),IF($B13="高一",MIN(IF($E13="男",$Q13-3.3,$Q13-3.24),0))))),2) -> -0.05 | T13: =IF(E13="男",LOOKUP($S13,[1]对照表!$AB$3:$AB$13,[1]对照表!$AC$3:$AC$13),LOOKUP($S13,[1]对照表!$AB$15:$AB$25,[1]对照表!$AC$15:$AC$25)) -> 1 | U13: =R13+T13 -> 101 | V13: =SUM(I13,K13,M13)/3*0.3+SUM(G13,R13)/2*0.4 -> 60.8 | W13: =O13+T13 -> 1 | X13: =V13/0.7+W13 -> 87.857143 | Y13: 87.857143
... A25: 11 | B25: 高一 | C25: 101 | D25: 何宇铮 | E25: 男 | F25: 7.8 | G25: =IF(B25="高三",IF($E25="男",LOOKUP(F25,[1]对照表!$G$3:$G$24,[1]对照表!$H$3:$H$24),LOOKUP(F25,[1]对照表!$G$27:$G$48,[1]对照表!$H$27:$H$48)),IF(B25="高二",IF($E25="男",LOOKUP(F25,[1]对照表!$F$3:$F$24,[1]对照表!$H$3:$H$24),LOOKUP(F25,[1]对照表!$F$27:$F$48,[1]对照表!$H$27:$H$48)),IF(B25="高一",IF($E25="男",LOOKUP(F25,[1]对照表!$E$3:$E$24,[1]对照表!$H$3:$H$24),LOOKUP(F25,[1]对照表!$E$27:$E$48,[1]对照表!$H$27:$H$48))))) -> 76 | H25: 17.7 | I25: =IF(B25="高三",IF($E25="男",LOOKUP(H25,[1]对照表!$K$3:$K$24,[1]对照表!$L$3:$L$24),LOOKUP(H25,[1]对照表!$K$27:$K$48,[1]对照表!$L$27:$L$48)),IF(B25="高二",IF($E25="男",LOOKUP(H25,[1]对照表!$J$3:$J$24,[1]对照表!$L$3:$L$24),LOOKUP(H25,[1]对照表!$J$27:$J$48,[1]对照表!$L$27:$L$48)),IF(B25="高一",IF($E25="男",LOOKUP(H25,[1]对照表!$I$3:$I$24,[1]对照表!$L$3:$L$24),LOOKUP(H25,[1]对照表!$I$27:$I$48,[1]对照表!$L$27:$L$48))))) -> 85 | J25: 225 | K25: =IF(B25="高三",IF($E25="男",LOOKUP(J25,[1]对照表!$O$3:$O$24,[1]对照表!$P$3:$P$24),LOOKUP(J25,[1]对照表!$O$27:$O$48,[1]对照表!$P$27:$P$48)),IF(B25="高二",IF($E25="男",LOOKUP(J25,[1]对照表!$N$3:$N$24,[1]对照表!$P$3:$P$24),LOOKUP(J25,[1]对照表!$N$27:$N$48,[1]对照表!$P$27:$P$48)),IF(B25="高一",IF($E25="男",LOOKUP(J25,[1]对照表!$M$3:$M$24,[1]对照表!$P$3:$P$24),LOOKUP(J25,[1]对照表!$M$27:$M$48,[1]对照表!$P$27:$P$48))))) -> 74 | L25: 15 | M25: =IF(B25="高三",IF($E25="男",LOOKUP(L25,[1]对照表!$S$3:$S$24,[1]对照表!$T$3:$T$24),LOOKUP(L25,[1]对照表!$S$27:$S$48,[1]对照表!$T$27:$T$48)),IF(B25="高二",IF($E25="男",LOOKUP(L25,[1]对照表!$R$3:$R$24,[1]对照表!$T$3:$T$24),LOOKUP(L25,[1]对照表!$R$27:$R$48,[1]对照表!$T$27:$T$48)),IF(B25="高一",IF($E25="男",LOOKUP(L25,[1]对照表!$Q$3:$Q$24,[1]对照表!$T$3:$T$24),LOOKUP(L25,[1]对照表!$Q$27:$Q$48,[1]对照表!$T$27:$T$48))))) -> 95 | N25: =IF(B25="高三",MAX(IF(E25="男",L25-18,L25-55),0),IF(B25="高二",MAX(IF(E25="男",L25-17,L25-54),0),IF(B25="高一",MAX(IF(E25="男",L25-16,L25-53),0)))) -> 0 | O25: =IF(E25="男",LOOKUP($N25,[1]对照表!$Z$3:$Z$13,[1]对照表!$AA$3:$AA$13),LOOKUP($N25,[1]对照表!$Z$15:$Z$25,[1]对照表!$AA$15:$AA$25)) -> 0 | P25: =M25+O25 -> 95 | Q25: 4.12 | R25: =IF(B25="高三",IF($E25="男",LOOKUP(Q25,[1]对照表!$W$3:$W$24,[1]对照表!$X$3:$X$24),LOOKUP(Q25,[1]对照表!$W$27:$W$48,[1]对照表!$X$27:$X$48)),IF(B25="高二",IF($E25="男",LOOKUP(Q25,[1]对照表!$V$3:$V$24,[1]对照表!$X$3:$X$24),LOOKUP(Q25,[1]对照表!$V$27:$V$48,[1]对照表!$X$27:$X$48)),IF(B25="高一",IF($E25="男",LOOKUP(Q25,[1]对照表!$U$3:$U$24,[1]对照表!$X$3:$X$24),LOOKUP(Q25,[1]对照表!$U$27:$U$48,[1]对照表!$X$27:$X$48))))) -> 72 | S25: =ROUND(IF(IF($B25="高三",MIN(IF($E25="男",$Q25-3.2,$Q25-3.2),0),IF($B25="高二",MIN(IF($E25="男",$Q25-3.25,$Q25-3.22),0),IF($B25="高一",MIN(IF($E25="男",$Q25-3.3,$Q25-3.24),0))))<-0.6,IF($B25="高三",MIN(IF($E25="男",$Q25-3.2,$Q25-3.2),0),IF($B25="高二",MIN(IF($E25="男",$Q25-3.25,$Q25-3.22),0),IF($B25="高一",MIN(IF($E25="男",$Q25-3.3,$Q25-3.24),0))))+0.4,IF($B25="高三",MIN(IF($E25="男",$Q25-3.2,$Q25-3.2),0),IF($B25="高二",MIN(IF($E25="男",$Q25-3.25,$Q25-3.22),0),IF($B25="高一",MIN(IF($E25="男",$Q25-3.3,$Q25-3.24),0))))),2) -> 0 | T25: =IF(E25="男",LOOKUP($S25,[1]对照表!$AB$3:$AB$13,[1]对照表!$AC$3:$AC$13),LOOKUP($S25,[1]对照表!$AB$15:$AB$25,[1]对照表!$AC$15:$AC$25)) -> 0 | U25: =R25+T25 -> 72 | V25: =SUM(I25,K25,M25)/3*0.3+SUM(G25,R25)/2*0.4 -> 55 | W25: =O25+T25 -> 0 | X25: =V25/0.7+W25 -> 78.571429 | Y25: 78.571429
A26: 3 | B26: 高一 | C26: 101 | D26: 陈桓毅 | E26: 男 | F26: 6.7 | G26: =IF(B26="高三",IF($E26="男",LOOKUP(F26,[1]对照表!$G$3:$G$24,[1]对照表!$H$3:$H$24),LOOKUP(F26,[1]对照表!$G$27:$G$48,[1]对照表!$H$27:$H$48)),IF(B26="高二",IF($E26="男",LOOKUP(F26,[1]对照表!$F$3:$F$24,[1]对照表!$H$3:$H$24),LOOKUP(F26,[1]对照表!$F$27:$F$48,[1]对照表!$H$27:$H$48)),IF(B26="高一",IF($E26="男",LOOKUP(F26,[1]对照表!$E$3:$E$24,[1]对照表!$H$3:$H$24),LOOKUP(F26,[1]对照表!$E$27:$E$48,[1]对照表!$H$27:$H$48))))) -> 100 | H26: 6.1 | I26: =IF(B26="高三",IF($E26="男",LOOKUP(H26,[1]对照表!$K$3:$K$24,[1]对照表!$L$3:$L$24),LOOKUP(H26,[1]对照表!$K$27:$K$48,[1]对照表!$L$27:$L$48)),IF(B26="高二",IF($E26="男",LOOKUP(H26,[1]对照表!$J$3:$J$24,[1]对照表!$L$3:$L$24),LOOKUP(H26,[1]对照表!$J$27:$J$48,[1]对照表!$L$27:$L$48)),IF(B26="高一",IF($E26="男",LOOKUP(H26,[1]对照表!$I$3:$I$24,[1]对照表!$L$3:$L$24),LOOKUP(H26,[1]对照表!$I$27:$I$48,[1]对照表!$L$27:$L$48))))) -> 66 | J26: 228 | K26: =IF(B26="高三",IF($E26="男",LOOKUP(J26,[1]对照表!$O$3:$O$24,[1]对照表!$P$3:$P$24),LOOKUP(J26,[1]对照表!$O$27:$O$48,[1]对照表!$P$27:$P$48)),IF(B26="高二",IF($E26="男",LOOKUP(J26,[1]对照表!$N$3:$N$24,[1]对照表!$P$3:$P$24),LOOKUP(J26,[1]对照表!$N$27:$N$48,[1]对照表!$P$27:$P$48)),IF(B26="高一",IF($E26="男",LOOKUP(J26,[1]对照表!$M$3:$M$24,[1]对照表!$P$3:$P$24),LOOKUP(J26,[1]对照表!$M$27:$M$48,[1]对照表!$P$27:$P$48))))) -> 76 | L26: 假 | M26: 0 | N26: 0 | O26: =IF(E26="男",LOOKUP($N26,[1]对照表!$Z$3:$Z$13,[1]对照表!$AA$3:$AA$13),LOOKUP($N26,[1]对照表!$Z$15:$Z$25,[1]对照表!$AA$15:$AA$25)) -> 0 | P26: =M26+O26 -> 0 | Q26: 3.23 | R26: =IF(B26="高三",IF($E26="男",LOOKUP(Q26,[1]对照表!$W$3:$W$24,[1]对照表!$X$3:$X$24),LOOKUP(Q26,[1]对照表!$W$27:$W$48,[1]对照表!$X$27:$X$48)),IF(B26="高二",IF($E26="男",LOOKUP(Q26,[1]对照表!$V$3:$V$24,[1]对照表!$X$3:$X$24),LOOKUP(Q26,[1]对照表!$V$27:$V$48,[1]对照表!$X$27:$X$48)),IF(B26="高一",IF($E26="男",LOOKUP(Q26,[1]对照表!$U$3:$U$24,[1]对照表!$X$3:$X$24),LOOKUP(Q26,[1]对照表!$U$27:$U$48,[1]对照表!$X$27:$X$48))))) -> 100 | S26: =ROUND(IF(IF($B26="高三",MIN(IF($E26="男",$Q26-3.2,$Q26-3.2),0),IF($B26="高二",MIN(IF($E26="男",$Q26-3.25,$Q26-3.22),0),IF($B26="高一",MIN(IF($E26="男",$Q26-3.3,$Q26-3.24),0))))<-0.6,IF($B26="高三",MIN(IF($E26="男",$Q26-3.2,$Q26-3.2),0),IF($B26="高二",MIN(IF($E26="男",$Q26-3.25,$Q26-3.22),0),IF($B26="高一",MIN(IF($E26="男",$Q26-3.3,$Q26-3.24),0))))+0.4,IF($B26="高三",MIN(IF($E26="男",$Q26-3.2,$Q26-3.2),0),IF($B26="高二",MIN(IF($E26="男",$Q26-3.25,$Q26-3.22),0),IF($B26="高一",MIN(IF($E26="男",$Q26-3.3,$Q26-3.24),0))))),2) -> -0.07 | T26: =IF(E26="男",LOOKUP($S26,[1]对照表!$AB$3:$AB$13,[1]对照表!$AC$3:$AC$13),LOOKUP($S26,[1]对照表!$AB$15:$AB$25,[1]对照表!$AC$15:$AC$25)) -> 1 | U26: =R26+T26 -> 101 | V26: =SUM(I26,K26,M26)/3*0.3+SUM(G26,R26)/2*0.4 -> 54.2 | W26: =O26+T26 -> 1 | X26: =V26/0.7+W26 -> 78.428571 | Y26: 78.428571
A27: 47 | B27: 高一 | C27: 101 | D27: 姚馨怡 | E27: 女 | F27: 8.54 | G27: =IF(B27="高三",IF($E27="男",LOOKUP(F27,[1]对照表!$G$3:$G$24,[1]对照表!$H$3:$H$24),LOOKUP(F27,[1]对照表!$G$27:$G$48,[1]对照表!$H$27:$H$48)),IF(B27="高二",IF($E27="男",LOOKUP(F27,[1]对照表!$F$3:$F$24,[1]对照表!$H$3:$H$24),LOOKUP(F27,[1]对照表!$F$27:$F$48,[1]对照表!$H$27:$H$48)),IF(B27="高一",IF($E27="男",LOOKUP(F27,[1]对照表!$E$3:$E$24,[1]对照表!$H$3:$H$24),LOOKUP(F27,[1]对照表!$E$27:$E$48,[1]对照表!$H$27:$H$48))))) -> 80 | H27: 20.5 | I27: =IF(B27="高三",IF($E27="男",LOOKUP(H27,[1]对照表!$K$3:$K$24,[1]对照表!$L$3:$L$24),LOOKUP(H27,[1]对照表!$K$27:$K$48,[1]对照表!$L$27:$L$48)),IF(B27="高二",IF($E27="男",LOOKUP(H27,[1]对照表!$J$3:$J$24,[1]对照表!$L$3:$L$24),LOOKUP(H27,[1]对照表!$J$27:$J$48,[1]对照表!$L$27:$L$48)),IF(B27="高一",IF($E27="男",LOOKUP(H27,[1]对照表!$I$3:$I$24,[1]对照表!$L$3:$L$24),LOOKUP(H27,[1]对照表!$I$27:$I$48,[1]对照表!$L$27:$L$48))))) -> 85 | J27: 190 | K27: =IF(B27="高三",IF($E27="男",LOOKUP(J27,[1]对照表!$O$3:$O$24,[1]对照表!$P$3:$P$24),LOOKUP(J27,[1]对照表!$O$27:$O$48,[1]对照表!$P$27:$P$48)),IF(B27="高二",IF($E27="男",LOOKUP(J27,[1]对照表!$N$3:$N$24,[1]对照表!$P$3:$P$24),LOOKUP(J27,[1]对照表!$N$27:$N$48,[1]对照表!$P$27:$P$48)),IF(B27="高一",IF($E27="男",LOOKUP(J27,[1]对照表!$M$3:$M$24,[1]对照表!$P$3:$P$24),LOOKUP(J27,[1]对照表!$M$27:$M$48,[1]对照表!$P$27:$P$48))))) -> 85 | L27: 63 | M27: =IF(B27="高三",IF($E27="男",LOOKUP(L27,[1]对照表!$S$3:$S$24,[1]对照表!$T$3:$T$24),LOOKUP(L27,[1]对照表!$S$27:$S$48,[1]对照表!$T$27:$T$48)),IF(B27="高二",IF($E27="男",LOOKUP(L27,[1]对照表!$R$3:$R$24,[1]对照表!$T$3:$T$24),LOOKUP(L27,[1]对照表!$R$27:$R$48,[1]对照表!$T$27:$T$48)),IF(B27="高一",IF($E27="男",LOOKUP(L27,[1]对照表!$Q$3:$Q$24,[1]对照表!$T$3:$T$24),LOOKUP(L27,[1]对照表!$Q$27:$Q$48,[1]对照表!$T$27:$T$48))))) -> 100 | N27: =IF(B27="高三",MAX(IF(E27="男",L27-18,L27-55),0),IF(B27="高二",MAX(IF(E27="男",L27-17,L27-54),0),IF(B27="高一",MAX(IF(E27="男",L27-16,L27-53),0)))) -> 10 | O27: =IF(E27="男",LOOKUP($N27,[1]对照表!$Z$3:$Z$13,[1]对照表!$AA$3:$AA$13),LOOKUP($N27,[1]对照表!$Z$15:$Z$25,[1]对照表!$AA$15:$AA$25)) -> 7 | P27: =M27+O27 -> 107 | Q27: 3.39 | R27: =IF(B27="高三",IF($E27="男",LOOKUP(Q27,[1]对照表!$W$3:$W$24,[1]对照表!$X$3:$X$24),LOOKUP(Q27,[1]对照表!$W$27:$W$48,[1]对照表!$X$27:$X$48)),IF(B27="高二",IF($E27="男",LOOKUP(Q27,[1]对照表!$V$3:$V$24,[1]对照表!$X$3:$X$24),LOOKUP(Q27,[1]对照表!$V$27:$V$48,[1]对照表!$X$27:$X$48)),IF(B27="高一",IF($E27="男",LOOKUP(Q27,[1]对照表!$U$3:$U$24,[1]对照表!$X$3:$X$24),LOOKUP(Q27,[1]对照表!$U$27:$U$48,[1]对照表!$X$27:$X$48))))) -> 85 | S27: =ROUND(IF(IF($B27="高三",MIN(IF($E27="男",$Q27-3.2,$Q27-3.2),0),IF($B27="高二",MIN(IF($E27="男",$Q27-3.25,$Q27-3.22),0),IF($B27="高一",MIN(IF($E27="男",$Q27-3.3,$Q27-3.24),0))))<-0.6,IF($B27="高三",MIN(IF($E27="男",$Q27-3.2,$Q27-3.2),0),IF($B27="高二",MIN(IF($E27="男",$Q27-3.25,$Q27-3.22),0),IF($B27="高一",MIN(IF($E27="男",$Q27-3.3,$Q27-3.24),0))))+0.4,IF($B27="高三",MIN(IF($E27="男",$Q27-3.2,$Q27-3.2),0),IF($B27="高二",MIN(IF($E27="男",$Q27-3.25,$Q27-3.22),0),IF($B27="高一",MIN(IF($E27="男",$Q27-3.3,$Q27-3.24),0))))),2) -> 0 | T27: =IF(E27="男",LOOKUP($S27,[1]对照表!$AB$3:$AB$13,[1]对照表!$AC$3:$AC$13),LOOKUP($S27,[1]对照表!$AB$15:$AB$25,[1]对照表!$AC$15:$AC$25)) -> 0 | U27: =R27+T27 -> 85 | V27: =SUM(I27,K27,M27)/3*0.3+SUM(G27,R27)/2*0.4 -> 60 | W27: =O27+T27 -> 7 | X27: =V27/0.7+W27 -> 92.714286 | Y27: 92.714286
A28: 6 | B28: 高一 | C28: 101 | D28: 丁奕天 | E28: 男 | F28: 8.5 | G28: =IF(B28="高三",IF($E28="男",LOOKUP(F28,[1]对照表!$G$3:$G$24,[1]对照表!$H$3:$H$24),LOOKUP(F28,[1]对照表!$G$27:$G$48,[1]对照表!$H$27:$H$48)),IF(B28="高二",IF($E28="男",LOOKUP(F28,[1]对照表!$F$3:$F$24,[1]对照表!$H$3:$H$24),LOOKUP(F28,[1]对照表!$F$27:$F$48,[1]对照表!$H$27:$H$48)),IF(B28="高一",IF($E28="男",LOOKUP(F28,[1]对照表!$E$3:$E$24,[1]对照表!$H$3:$H$24),LOOKUP(F28,[1]对照表!$E$27:$E$48,[1]对照表!$H$27:$H$48))))) -> 70 | H28: 16.5 | I28: =IF(B28="高三",IF($E28="男",LOOKUP(H28,[1]对照表!$K$3:$K$24,[1]对照表!$L$3:$L$24),LOOKUP(H28,[1]对照表!$K$27:$K$48,[1]对照表!$L$27:$L$48)),IF(B28="高二",IF($E28="男",LOOKUP(H28,[1]对照表!$J$3:$J$24,[1]对照表!$L$3:$L$24),LOOKUP(H28,[1]对照表!$J$27:$J$48,[1]对照表!$L$27:$L$48)),IF(B28="高一",IF($E28="男",LOOKUP(H28,[1]对照表!$I$3:$I$24,[1]对照表!$L$3:$L$24),LOOKUP(H28,[1]对照表!$I$27:$I$48,[1]对照表!$L$27:$L$48))))) -> 80 | J28: 214 | K28: =IF(B28="高三",IF($E28="男",LOOKUP(J28,[1]对照表!$O$3:$O$24,[1]对照表!$P$3:$P$24),LOOKUP(J28,[1]对照表!$O$27:$O$48,[1]对照表!$P$27:$P$48)),IF(B28="高二",IF($E28="男",LOOKUP(J28,[1]对照表!$N$3:$N$24,[1]对照表!$P$3:$P$24),LOOKUP(J28,[1]对照表!$N$27:$N$48,[1]对照表!$P$27:$P$48)),IF(B28="高一",IF($E28="男",LOOKUP(J28,[1]对照表!$M$3:$M$24,[1]对照表!$P$3:$P$24),LOOKUP(J28,[1]对照表!$M$27:$M$48,[1]对照表!$P$27:$P$48))))) -> 68 | L28: 10 | M28: =IF(B28="高三",IF($E28="男",LOOKUP(L28,[1]对照表!$S$3:$S$24,[1]对照表!$T$3:$T$24),LOOKUP(L28,[1]对照表!$S$27:$S$48,[1]对照表!$T$27:$T$48)),IF(B28="高二",IF($E28="男",LOOKUP(L28,[1]对照表!$R$3:$R$24,[1]对照表!$T$3:$T$24),LOOKUP(L28,[1]对照表!$R$27:$R$48,[1]对照表!$T$27:$T$48)),IF(B28="高一",IF($E28="男",LOOKUP(L28,[1]对照表!$Q$3:$Q$24,[1]对照表!$T$3:$T$24),LOOKUP(L28,[1]对照表!$Q$27:$Q$48,[1]对照表!$T$27:$T$48))))) -> 72 | N28: =IF(B28="高三",MAX(IF(E28="男",L28-18,L28-55),0),IF(B28="高二",MAX(IF(E28="男",L28-17,L28-54),0),IF(B28="高一",MAX(IF(E28="男",L28-16,L28-53),0)))) -> 0 | O28: =IF(E28="男",LOOKUP($N28,[1]对照表!$Z$3:$Z$13,[1]对照表!$AA$3:$AA$13),LOOKUP($N28,[1]对照表!$Z$15:$Z$25,[1]对照表!$AA$15:$AA$25)) -> 0 | P28: =M28+O28 -> 72 | Q28: 4.02 | R28: =IF(B28="高三",IF($E28="男",LOOKUP(Q28,[1]对照表!$W$3:$W$24,[1]对照表!$X$3:$X$24),LOOKUP(Q28,[1]对照表!$W$27:$W$48,[1]对照表!$X$27:$X$48)),IF(B28="高二",IF($E28="男",LOOKUP(Q28,[1]对照表!$V$3:$V$24,[1]对照表!$X$3:$X$24),LOOKUP(Q28,[1]对照表!$V$27:$V$48,[1]对照表!$X$27:$X$48)),IF(B28="高一",IF($E28="男",LOOKUP(Q28,[1]对照表!$U$3:$U$24,[1]对照表!$X$3:$X$24),LOOKUP(Q28,[1]对照表!$U$27:$U$48,[1]对照表!$X$27:$X$48))))) -> 76 | S28: =ROUND(IF(IF($B28="高三",MIN(IF($E28="男",$Q28-3.2,$Q28-3.2),0),IF($B28="高二",MIN(IF($E28="男",$Q28-3.25,$Q28-3.22),0),IF($B28="高一",MIN(IF($E28="男",$Q28-3.3,$Q28-3.24),0))))<-0.6,IF($B28="高三",MIN(IF($E28="男",$Q28-3.2,$Q28-3.2),0),IF($B28="高二",MIN(IF($E28="男",$Q28-3.25,$Q28-3.22),0),IF($B28="高一",MIN(IF($E28="男",$Q28-3.3,$Q28-3.24),0))))+0.4,IF($B28="高三",MIN(IF($E28="男",$Q28-3.2,$Q28-3.2),0),IF($B28="高二",MIN(IF($E28="男",$Q28-3.25,$Q28-3.22),0),IF($B28="高一",MIN(IF($E28="男",$Q28-3.3,$Q28-3.24),0))))),2) -> 0 | T28: =IF(E28="男",LOOKUP($S28,[1]对照表!$AB$3:$AB$13,[1]对照表!$AC$3:$AC$13),LOOKUP($S28,[1]对照表!$AB$15:$AB$25,[1]对照表!$AC$15:$AC$25)) -> 0 | U28: =R28+T28 -> 76 | V28: =SUM(I28,K28,M28)/3*0.3+SUM(G28,R28)/2*0.4 -> 51.2 | W28: =O28+T28 -> 0 | X28: =V28/0.7+W28 -> 73.142857 | Y28: 73.142857
A29: 24 | B29: 高一 | C29: 101 | D29: 马晗迪 | E29: 男 | F29: 7.5 | G29: =IF(B29="高三",IF($E29="男",LOOKUP(F29,[1]对照表!$G$3:$G$24,[1]对照表!$H$3:$H$24),LOOKUP(F29,[1]对照表!$G$27:$G$48,[1]对照表!$H$27:$H$48)),IF(B29="高二",IF($E29="男",LOOKUP(F29,[1]对照表!$F$3:$F$24,[1]对照表!$H$3:$H$24),LOOKUP(F29,[1]对照表!$F$27:$F$48,[1]对照表!$H$27:$H$48)),IF(B29="高一",IF($E29="男",LOOKUP(F29,[1]对照表!$E$3:$E$24,[1]对照表!$H$3:$H$24),LOOKUP(F29,[1]对照表!$E$27:$E$48,[1]对照表!$H$27:$H$48))))) -> 80 | H29: 7.5 | I29: =IF(B29="高三",IF($E29="男",LOOKUP(H29,[1]对照表!$K$3:$K$24,[1]对照表!$L$3:$L$24),LOOKUP(H29,[1]对照表!$K$27:$K$48,[1]对照表!$L$27:$L$48)),IF(B29="高二",IF($E29="男",LOOKUP(H29,[1]对照表!$J$3:$J$24,[1]对照表!$L$3:$L$24),LOOKUP(H29,[1]对照表!$J$27:$J$48,[1]对照表!$L$27:$L$48)),IF(B29="高一",IF($E29="男",LOOKUP(H29,[1]对照表!$I$3:$I$24,[1]对照表!$L$3:$L$24),LOOKUP(H29,[1]对照表!$I$27:$I$48,[1]对照表!$L$27:$L$48))))) -> 68 | J29: 202 | K29: =IF(B29="高三",IF($E29="男",LOOKUP(J29,[1]对照表!$O$3:$O$24,[1]对照表!$P$3:$P$24),LOOKUP(J29,[1]对照表!$O$27:$O$48,[1]对照表!$P$27:$P$48)),IF(B29="高二",IF($E29="男",LOOKUP(J29,[1]对照表!$N$3:$N$24,[1]对照表!$P$3:$P$24),LOOKUP(J29,[1]对照表!$N$27:$N$48,[1]对照表!$P$27:$P$48)),IF(B29="高一",IF($E29="男",LOOKUP(J29,[1]对照表!$M$3:$M$24,[1]对照表!$P$3:$P$24),LOOKUP(J29,[1]对照表!$M$27:$M$48,[1]对照表!$P$27:$P$48))))) -> 62 | L29: 8 | M29: =IF(B29="高三",IF($E29="男",LOOKUP(L29,[1]对照表!$S$3:$S$24,[1]对照表!$T$3:$T$24),LOOKUP(L29,[1]对照表!$S$27:$S$48,[1]对照表!$T$27:$T$48)),IF(B29="高二",IF($E29="男",LOOKUP(L29,[1]对照表!$R$3:$R$24,[1]对照表!$T$3:$T$24),LOOKUP(L29,[1]对照表!$R$27:$R$48,[1]对照表!$T$27:$T$48)),IF(B29="高一",IF($E29="男",LOOKUP(L29,[1]对照表!$Q$3:$Q$24,[1]对照表!$T$3:$T$24),LOOKUP(L29,[1]对照表!$Q$27:$Q$48,[1]对照表!$T$27:$T$48))))) -> 64 | N29: =IF(B29="高三",MAX(IF(E29="男",L29-18,L29-55),0),IF(B29="高二",MAX(IF(E29="男",L29-17,L29-54),0),IF(B29="高一",MAX(IF(E29="男",L29-16,L29-53),0)))) -> 0 | O29: =IF(E29="男",LOOKUP($N29,[1]对照表!$Z$3:$Z$13,[1]对照表!$AA$3:$AA$13),LOOKUP($N29,[1]对照表!$Z$15:$Z$25,[1]对照表!$AA$15:$AA$25)) -> 0 | P29: =M29+O29 -> 64 | Q29: 3.59 | R29: =IF(B29="高三",IF($E29="男",LOOKUP(Q29,[1]对照表!$W$3:$W$24,[1]对照表!$X$3:$X$24),LOOKUP(Q29,[1]对照表!$W$27:$W$48,[1]对照表!$X$27:$X$48)),IF(B29="高二",IF($E29="男",LOOKUP(Q29,[1]对照表!$V$3:$V$24,[1]对照表!$X$3:$X$24),LOOKUP(Q29,[1]对照表!$V$27:$V$48,[1]对照表!$X$27:$X$48)),IF(B29="高一",IF($E29="男",LOOKUP(Q29,[1]对照表!$U$3:$U$24,[1]对照表!$X$3:$X$24),LOOKUP(Q29,[1]对照表!$U$27:$U$48,[1]对照表!$X$27:$X$48))))) -> 78 | S29: =ROUND(IF(IF($B29="高三",MIN(IF($E29="男",$Q29-3.2,$Q29-3.2),0),IF($B29="高二",MIN(IF($E29="男",$Q29-3.25,$Q29-3.22),0),IF($B29="高一",MIN(IF($E29="男",$Q29-3.3,$Q29-3.24),0))))<-0.6,IF($B29="高三",MIN(IF($E29="男",$Q29-3.2,$Q29-3.2),0),IF($B29="高二",MIN(IF($E29="男",$Q29-3.25,$Q29-3.22),0),IF($B29="高一",MIN(IF($E29="男",$Q29-3.3,$Q29-3.24),0))))+0.4,IF($B29="高三",MIN(IF($E29="男",$Q29-3.2,$Q29-3.2),0),IF($B29="高二",MIN(IF($E29="男",$Q29-3.25,$Q29-3.22),0),IF($B29="高一",MIN(IF($E29="男",$Q29-3.3,$Q29-3.24),0))))),2) -> 0 | T29: =IF(E29="男",LOOKUP($S29,[1]对照表!$AB$3:$AB$13,[1]对照表!$AC$3:$AC$13),LOOKUP($S29,[1]对照表!$AB$15:$AB$25,[1]对照表!$AC$15:$AC$25)) -> 0 | U29: =R29+T29 -> 78 | V29: =SUM(I29,K29,M29)/3*0.3+SUM(G29,R29)/2*0.4 -> 51 | W29: =O29+T29 -> 0 | X29: =V29/0.7+W29 -> 72.857143 | Y29: 72.857143
A30: 12 | B30: 高一 | C30: 101 | D30: 胡清源 | E30: 男 | F30: 8.3 | G30: =IF(B30="高三",IF($E30="男",LOOKUP(F30,[1]对照表!$G$3:$G$24,[1]对照表!$H$3:$H$24),LOOKUP(F30,[1]对照表!$G$27:$G$48,[1]对照表!$H$27:$H$48)),IF(B30="高二",IF($E30="男",LOOKUP(F30,[1]对照表!$F$3:$F$24,[1]对照表!$H$3:$H$24),LOOKUP(F30,[1]对照表!$F$27:$F$48,[1]对照表!$H$27:$H$48)),IF(B30="高一",IF($E30="男",LOOKUP(F30,[1]对照表!$E$3:$E$24,[1]对照表!$H$3:$H$24),LOOKUP(F30,[1]对照表!$E$27:$E$48,[1]对照表!$H$27:$H$48))))) -> 72 | H30: 12 | I30: =IF(B30="高三",IF($E30="男",LOOKUP(H30,[1]对照表!$K$3:$K$24,[1]对照表!$L$3:$L$24),LOOKUP(H30,[1]对照表!$K$27:$K$48,[1]对照表!$L$27:$L$48)),IF(B30="高二",IF($E30="男",LOOKUP(H30,[1]对照表!$J$3:$J$24,[1]对照表!$L$3:$L$24),LOOKUP(H30,[1]对照表!$J$27:$J$48,[1]对照表!$L$27:$L$48)),IF(B30="高一",IF($E30="男",LOOKUP(H30,[1]对照表!$I$3:$I$24,[1]对照表!$L$3:$L$24),LOOKUP(H30,[1]对照表!$I$27:$I$48,[1]对照表!$L$27:$L$48))))) -> 74 | J30: 209 | K30: =IF(B30="高三",IF($E30="男",LOOKUP(J30,[1]对照表!$O$3:$O$24,[1]对照表!$P$3:$P$24),LOOKUP(J30,[1]对照表!$O$27:$O$48,[1]对照表!$P$27:$P$48)),IF(B30="高二",IF($E30="男",LOOKUP(J30,[1]对照表!$N$3:$N$24,[1]对照表!$P$3:$P$24),LOOKUP(J30,[1]对照表!$N$27:$N$48,[1]对照表!$P$27:$P$48)),IF(B30="高一",IF($E30="男",LOOKUP(J30,[1]对照表!$M$3:$M$24,[1]对照表!$P$3:$P$24),LOOKUP(J30,[1]对照表!$M$27:$M$48,[1]对照表!$P$27:$P$48))))) -> 66 | L30: 8 | M30: =IF(B30="高三",IF($E30="男",LOOKUP(L30,[1]对照表!$S$3:$S$24,[1]对照表!$T$3:$T$24),LOOKUP(L30,[1]对照表!$S$27:$S$48,[1]对照表!$T$27:$T$48)),IF(B30="高二",IF($E30="男",LOOKUP(L30,[1]对照表!$R$3:$R$24,[1]对照表!$T$3:$T$24),LOOKUP(L30,[1]对照表!$R$27:$R$48,[1]对照表!$T$27:$T$48)),IF(B30="高一",IF($E30="男",LOOKUP(L30,[1]对照表!$Q$3:$Q$24,[1]对照表!$T$3:$T$24),LOOKUP(L30,[1]对照表!$Q$27:$Q$48,[1]对照表!$T$27:$T$48))))) -> 64 | N30: =IF(B30="高三",MAX(IF(E30="男",L30-18,L30-55),0),IF(B30="高二",MAX(IF(E30="男",L30-17,L30-54),0),IF(B30="高一",MAX(IF(E30="男",L30-16,L30-53),0)))) -> 0 | O30: =IF(E30="男",LOOKUP($N30,[1]对照表!$Z$3:$Z$13,[1]对照表!$AA$3:$AA$13),LOOKUP($N30,[1]对照表!$Z$15:$Z$25,[1]对照表!$AA$15:$AA$25)) -> 0 | P30: =M30+O30 -> 64 | Q30: 3.49 | R30: =IF(B30="高三",IF($E30="男",LOOKUP(Q30,[1]对照表!$W$3:$W$24,[1]对照表!$X$3:$X$24),LOOKUP(Q30,[1]对照表!$W$27:$W$48,[1]对照表!$X$27:$X$48)),IF(B30="高二",IF($E30="男",LOOKUP(Q30,[1]对照表!$V$3:$V$24,[1]对照表!$X$3:$X$24),LOOKUP(Q30,[1]对照表!$V$27:$V$48,[1]对照表!$X$27:$X$48)),IF(B30="高一",IF($E30="男",LOOKUP(Q30,[1]对照表!$U$3:$U$24,[1]对照表!$X$3:$X$24),LOOKUP(Q30,[1]对照表!$U$27:$U$48,[1]对照表!$X$27:$X$48))))) -> 80 | S30: =ROUND(IF(IF($B30="高三",MIN(IF($E30="男",$Q30-3.2,$Q30-3.2),0),IF($B30="高二",MIN(IF($E30="男",$Q30-3.25,$Q30-3.22),0),IF($B30="高一",MIN(IF($E30="男",$Q30-3.3,$Q30-3.24),0))))<-0.6,IF($B30="高三",MIN(IF($E30="男",$Q30-3.2,$Q30-3.2),0),IF($B30="高二",MIN(IF($E30="男",$Q30-3.25,$Q30-3.22),0),IF($B30="高一",MIN(IF($E30="男",$Q30-3.3,$Q30-3.24),0))))+0.4,IF($B30="高三",MIN(IF($E30="男",$Q30-3.2,$Q30-3.2),0),IF($B30="高二",MIN(IF($E30="男",$Q30-3.25,$Q30-3.22),0),IF($B30="高一",MIN(IF($E30="男",$Q30-3.3,$Q30-3.24),0))))),2) -> 0 | T30: =IF(E30="男",LOOKUP($S30,[1]对照表!$AB$3:$AB$13,[1]对照表!$AC$3:$AC$13),LOOKUP($S30,[1]对照表!$AB$15:$AB$25,[1]对照表!$AC$15:$AC$25)) -> 0 | U30: =R30+T30 -> 80 | V30: =SUM(I30,K30,M30)/3*0.3+SUM(G30,R30)/2*0.4 -> 50.8 | W30: =O30+T30 -> 0 | X30: =V30/0.7+W30 -> 72.571429 | Y30: 72.571429
A31: 17 | B31: 高一 | C31: 101 | D31: 李奕诚 | E31: 男 | F31: 8.1 | G31: =IF(B31="高三",IF($E31="男",LOOKUP(F31,[1]对照表!$G$3:$G$24,[1]对照表!$H$3:$H$24),LOOKUP(F31,[1]对照表!$G$27:$G$48,[1]对照表!$H$27:$H$48)),IF(B31="高二",IF($E31="男",LOOKUP(F31,[1]对照表!$F$3:$F$24,[1]对照表!$H$3:$H$24),LOOKUP(F31,[1]对照表!$F$27:$F$48,[1]对照表!$H$27:$H$48)),IF(B31="高一",IF($E31="男",LOOKUP(F31,[1]对照表!$E$3:$E$24,[1]对照表!$H$3:$H$24),LOOKUP(F31,[1]对照表!$E$27:$E$48,[1]对照表!$H$27:$H$48))))) -> 74 | H31: 11.5 | I31: =IF(B31="高三",IF($E31="男",LOOKUP(H31,[1]对照表!$K$3:$K$24,[1]对照表!$L$3:$L$24),LOOKUP(H31,[1]对照表!$K$27:$K$48,[1]对照表!$L$27:$L$48)),IF(B31="高二",IF($E31="男",LOOKUP(H31,[1]对照表!$J$3:$J$24,[1]对照表!$L$3:$L$24),LOOKUP(H31,[1]对照表!$J$27:$J$48,[1]对照表!$L$27:$L$48)),IF(B31="高一",IF($E31="男",LOOKUP(H31,[1]对照表!$I$3:$I$24,[1]对照表!$L$3:$L$24),LOOKUP(H31,[1]对照表!$I$27:$I$48,[1]对照表!$L$27:$L$48))))) -> 74 | J31: 208 | K31: =IF(B31="高三",IF($E31="男",LOOKUP(J31,[1]对照表!$O$3:$O$24,[1]对照表!$P$3:$P$24),LOOKUP(J31,[1]对照表!$O$27:$O$48,[1]对照表!$P$27:$P$48)),IF(B31="高二",IF($E31="男",LOOKUP(J31,[1]对照表!$N$3:$N$24,[1]对照表!$P$3:$P$24),LOOKUP(J31,[1]对照表!$N$27:$N$48,[1]对照表!$P$27:$P$48)),IF(B31="高一",IF($E31="男",LOOKUP(J31,[1]对照表!$M$3:$M$24,[1]对照表!$P$3:$P$24),LOOKUP(J31,[1]对照表!$M$27:$M$48,[1]对照表!$P$27:$P$48))))) -> 66 | L31: 10 | M31: =IF(B31="高三",IF($E31="男",LOOKUP(L31,[1]对照表!$S$3:$S$24,[1]对照表!$T$3:$T$24),LOOKUP(L31,[1]对照表!$S$27:$S$48,[1]对照表!$T$27:$T$48)),IF(B31="高二",IF($E31="男",LOOKUP(L31,[1]对照表!$R$3:$R$24,[1]对照表!$T$3:$T$24),LOOKUP(L31,[1]对照表!$R$27:$R$48,[1]对照表!$T$27:$T$48)),IF(B31="高一",IF($E31="男",LOOKUP(L31,[1]对照表!$Q$3:$Q$24,[1]对照表!$T$3:$T$24),LOOKUP(L31,[1]对照表!$Q$27:$Q$48,[1]对照表!$T$27:$T$48))))) -> 72 | N31: =IF(B31="高三",MAX(IF(E31="男",L31-18,L31-55),0),IF(B31="高二",MAX(IF(E31="男",L31-17,L31-54),0),IF(B31="高一",MAX(IF(E31="男",L31-16,L31-53),0)))) -> 0 | O31: =IF(E31="男",LOOKUP($N31,[1]对照表!$Z$3:$Z$13,[1]对照表!$AA$3:$AA$13),LOOKUP($N31,[1]对照表!$Z$15:$Z$25,[1]对照表!$AA$15:$AA$25)) -> 0 | P31: =M31+O31 -> 72 | Q31: 4.08 | R31: =IF(B31="高三",IF($E31="男",LOOKUP(Q31,[1]对照表!$W$3:$W$24,[1]对照表!$X$3:$X$24),LOOKUP(Q31,[1]对照表!$W$27:$W$48,[1]对照表!$X$27:$X$48)),IF(B31="高二",IF($E31="男",LOOKUP(Q31,[1]对照表!$V$3:$V$24,[1]对照表!$X$3:$X$24),LOOKUP(Q31,[1]对照表!$V$27:$V$48,[1]对照表!$X$27:$X$48)),IF(B31="高一",IF($E31="男",LOOKUP(Q31,[1]对照表!$U$3:$U$24,[1]对照表!$X$3:$X$24),LOOKUP(Q31,[1]对照表!$U$27:$U$48,[1]对照表!$X$27:$X$48))))) -> 74 | S31: =ROUND(IF(IF($B31="高三",MIN(IF($E31="男",$Q31-3.2,$Q31-3.2),0),IF($B31="高二",MIN(IF($E31="男",$Q31-3.25,$Q31-3.22),0),IF($B31="高一",MIN(IF($E31="男",$Q31-3.3,$Q31-3.24),0))))<-0.6,IF($B31="高三",MIN(IF($E31="男",$Q31-3.2,$Q31-3.2),0),IF($B31="高二",MIN(IF($E31="男",$Q31-3.25,$Q31-3.22),0),IF($B31="高一",MIN(IF($E31="男",$Q31-3.3,$Q31-3.24),0))))+0.4,IF($B31="高三",MIN(IF($E31="男",$Q31-3.2,$Q31-3.2),0),IF($B31="高二",MIN(IF($E31="男",$Q31-3.25,$Q31-3.22),0),IF($B31="高一",MIN(IF($E31="男",$Q31-3.3,$Q31-3.24),0))))),2) -> 0 | T31: =IF(E31="男",LOOKUP($S31,[1]对照表!$AB$3:$AB$13,[1]对照表!$AC$3:$AC$13),LOOKUP($S31,[1]对照表!$AB$15:$AB$25,[1]对照表!$AC$15:$AC$25)) -> 0 | U31: =R31+T31 -> 74 | V31: =SUM(I31,K31,M31)/3*0.3+SUM(G31,R31)/2*0.4 -> 50.8 | W31: =O31+T31 -> 0 | X31: =V31/0.7+W31 -> 72.571429 | Y31: 72.571429
A32: 10 | B32: 高一 | C32: 101 | D32: 高金琦 | E32: 男 | F32: 6.9 | G32: =IF(B32="高三",IF($E32="男",LOOKUP(F32,[1]对照表!$G$3:$G$24,[1]对照表!$H$3:$H$24),LOOKUP(F32,[1]对照表!$G$27:$G$48,[1]对照表!$H$27:$H$48)),IF(B32="高二",IF($E32="男",LOOKUP(F32,[1]对照表!$F$3:$F$24,[1]对照表!$H$3:$H$24),LOOKUP(F32,[1]对照表!$F$27:$F$48,[1]对照表!$H$27:$H$48)),IF(B32="高一",IF($E32="男",LOOKUP(F32,[1]对照表!$E$3:$E$24,[1]对照表!$H$3:$H$24),LOOKUP(F32,[1]对照表!$E$27:$E$48,[1]对照表!$H$27:$H$48))))) -> 100 | H32: 3 | I32: =IF(B32="高三",IF($E32="男",LOOKUP(H32,[1]对照表!$K$3:$K$24,[1]对照表!$L$3:$L$24),LOOKUP(H32,[1]对照表!$K$27:$K$48,[1]对照表!$L$27:$L$48)),IF(B32="高二",IF($E32="男",LOOKUP(H32,[1]对照表!$J$3:$J$24,[1]对照表!$L$3:$L$24),LOOKUP(H32,[1]对照表!$J$27:$J$48,[1]对照表!$L$27:$L$48)),IF(B32="高一",IF($E32="男",LOOKUP(H32,[1]对照表!$I$3:$I$24,[1]对照表!$L$3:$L$24),LOOKUP(H32,[1]对照表!$I$27:$I$48,[1]对照表!$L$27:$L$48))))) -> 62 | J32: 253 | K32: =IF(B32="高三",IF($E32="男",LOOKUP(J32,[1]对照表!$O$3:$O$24,[1]对照表!$P$3:$P$24),LOOKUP(J32,[1]对照表!$O$27:$O$48,[1]对照表!$P$27:$P$48)),IF(B32="高二",IF($E32="男",LOOKUP(J32,[1]对照表!$N$3:$N$24,[1]对照表!$P$3:$P$24),LOOKUP(J32,[1]对照表!$N$27:$N$48,[1]对照表!$P$27:$P$48)),IF(B32="高一",IF($E32="男",LOOKUP(J32,[1]对照表!$M$3:$M$24,[1]对照表!$P$3:$P$24),LOOKUP(J32,[1]对照表!$M$27:$M$48,[1]对照表!$P$27:$P$48))))) -> 90 | L32: 20 | M32: =IF(B32="高三",IF($E32="男",LOOKUP(L32,[1]对照表!$S$3:$S$24,[1]对照表!$T$3:$T$24),LOOKUP(L32,[1]对照表!$S$27:$S$48,[1]对照表!$T$27:$T$48)),IF(B32="高二",IF($E32="男",LOOKUP(L32,[1]对照表!$R$3:$R$24,[1]对照表!$T$3:$T$24),LOOKUP(L32,[1]对照表!$R$27:$R$48,[1]对照表!$T$27:$T$48)),IF(B32="高一",IF($E32="男",LOOKUP(L32,[1]对照表!$Q$3:$Q$24,[1]对照表!$T$3:$T$24),LOOKUP(L32,[1]对照表!$Q$27:$Q$48,[1]对照表!$T$27:$T$48))))) -> 100 | N32: =IF(B32="高三",MAX(IF(E32="男",L32-18,L32-55),0),IF(B32="高二",MAX(IF(E32="男",L32-17,L32-54),0),IF(B32="高一",MAX(IF(E32="男",L32-16,L32-53),0)))) -> 4 | O32: =IF(E32="男",LOOKUP($N32,[1]对照表!$Z$3:$Z$13,[1]对照表!$AA$3:$AA$13),LOOKUP($N32,[1]对照表!$Z$15:$Z$25,[1]对照表!$AA$15:$AA$25)) -> 4 | P32: =M32+O32 -> 104 | R32: 0 | S32: 0 | T32: =IF(E32="男",LOOKUP($S32,[1]对照表!$AB$3:$AB$13,[1]对照表!$AC$3:$AC$13),LOOKUP($S32,[1]对照表!$AB$15:$AB$25,[1]对照表!$AC$15:$AC$25)) -> 0 | U32: =R32+T32 -> 0 | V32: =SUM(I32,K32,M32)/3*0.3+SUM(G32,R32)/2*0.4 -> 45.2 | W32: =O32+T32 -> 4 | X32: =V32/0.7+W32 -> 68.571429 | Y32: 68.571429 | Z32: 受伤
A33: 19 | B33: 高一 | C33: 101 | D33: 刘睿辰 | E33: 男 | F33: 7.9 | G33: =IF(B33="高三",IF($E33="男",LOOKUP(F33,[1]对照表!$G$3:$G$24,[1]对照表!$H$3:$H$24),LOOKUP(F33,[1]对照表!$G$27:$G$48,[1]对照表!$H$27:$H$48)),IF(B33="高二",IF($E33="男",LOOKUP(F33,[1]对照表!$F$3:$F$24,[1]对照表!$H$3:$H$24),LOOKUP(F33,[1]对照表!$F$27:$F$48,[1]对照表!$H$27:$H$48)),IF(B33="高一",IF($E33="男",LOOKUP(F33,[1]对照表!$E$3:$E$24,[1]对照表!$H$3:$H$24),LOOKUP(F33,[1]对照表!$E$27:$E$48,[1]对照表!$H$27:$H$48))))) -> 76 | H33: 12.5 | I33: =IF(B33="高三",IF($E33="男",LOOKUP(H33,[1]对照表!$K$3:$K$24,[1]对照表!$L$3:$L$24),LOOKUP(H33,[1]对照表!$K$27:$K$48,[1]对照表!$L$27:$L$48)),IF(B33="高二",IF($E33="男",LOOKUP(H33,[1]对照表!$J$3:$J$24,[1]对照表!$L$3:$L$24),LOOKUP(H33,[1]对照表!$J$27:$J$48,[1]对照表!$L$27:$L$48)),IF(B33="高一",IF($E33="男",LOOKUP(H33,[1]对照表!$I$3:$I$24,[1]对照表!$L$3:$L$24),LOOKUP(H33,[1]对照表!$I$27:$I$48,[1]对照表!$L$27:$L$48))))) -> 76 | J33: 210 | K33: =IF(B33="高三",IF($E33="男",LOOKUP(J33,[1]对照表!$O$3:$O$24,[1]对照表!$P$3:$P$24),LOOKUP(J33,[1]对照表!$O$27:$O$48,[1]对照表!$P$27:$P$48)),IF(B33="高二",IF($E33="男",LOOKUP(J33,[1]对照表!$N$3:$N$24,[1]对照表!$P$3:$P$24),LOOKUP(J33,[1]对照表!$N$27:$N$48,[1]对照表!$P$27:$P$48)),IF(B33="高一",IF($E33="男",LOOKUP(J33,[1]对照表!$M$3:$M$24,[1]对照表!$P$3:$P$24),LOOKUP(J33,[1]对照表!$M$27:$M$48,[1]对照表!$P$27:$P$48))))) -> 66 | L33: 6 | M33: =IF(B33="高三",IF($E33="男",LOOKUP(L33,[1]对照表!$S$3:$S$24,[1]对照表!$T$3:$T$24),LOOKUP(L33,[1]对照表!$S$27:$S$48,[1]对照表!$T$27:$T$48)),IF(B33="高二",IF($E33="男",LOOKUP(L33,[1]对照表!$R$3:$R$24,[1]对照表!$T$3:$T$24),LOOKUP(L33,[1]对照表!$R$27:$R$48,[1]对照表!$T$27:$T$48)),IF(B33="高一",IF($E33="男",LOOKUP(L33,[1]对照表!$Q$3:$Q$24,[1]对照表!$T$3:$T$24),LOOKUP(L33,[1]对照表!$Q$27:$Q$48,[1]对照表!$T$27:$T$48))))) -> 50 | N33: =IF(B33="高三",MAX(IF(E33="男",L33-18,L33-55),0),IF(B33="高二",MAX(IF(E33="男",L33-17,L33-54),0),IF(B33="高一",MAX(IF(E33="男",L33-16,L33-53),0)))) -> 0 | O33: =IF(E33="男",LOOKUP($N33,[1]对照表!$Z$3:$Z$13,[1]对照表!$AA$3:$AA$13),LOOKUP($N33,[1]对照表!$Z$15:$Z$25,[1]对照表!$AA$15:$AA$25)) -> 0 | P33: =M33+O33 -> 50 | Q33: 4.34 | R33: =IF(B33="高三",IF($E33="男",LOOKUP(Q33,[1]对照表!$W$3:$W$24,[1]对照表!$X$3:$X$24),LOOKUP(Q33,[1]对照表!$W$27:$W$48,[1]对照表!$X$27:$X$48)),IF(B33="高二",IF($E33="男",LOOKUP(Q33,[1]对照表!$V$3:$V$24,[1]对照表!$X$3:$X$24),LOOKUP(Q33,[1]对照表!$V$27:$V$48,[1]对照表!$X$27:$X$48)),IF(B33="高一",IF($E33="男",LOOKUP(Q33,[1]对照表!$U$3:$U$24,[1]对照表!$X$3:$X$24),LOOKUP(Q33,[1]对照表!$U$27:$U$48,[1]对照表!$X$27:$X$48))))) -> 64 | S33: =ROUND(IF(IF($B33="高三",MIN(IF($E33="男",$Q33-3.2,$Q33-3.2),0),IF($B33="高二",MIN(IF($E33="男",$Q33-3.25,$Q33-3.22),0),IF($B33="高一",MIN(IF($E33="男",$Q33-3.3,$Q33-3.24),0))))<-0.6,IF($B33="高三",MIN(IF($E33="男",$Q33-3.2,$Q33-3.2),0),IF($B33="高二",MIN(IF($E33="男",$Q33-3.25,$Q33-3.22),0),IF($B33="高一",MIN(IF($E33="男",$Q33-3.3,$Q33-3.24),0))))+0.4,IF($B33="高三",MIN(IF($E33="男",$Q33-3.2,$Q33-3.2),0),IF($B33="高二",MIN(IF($E33="男",$Q33-3.25,$Q33-3.22),0),IF($B33="高一",MIN(IF($E33="男",$Q33-3.3,$Q33-3.24),0))))),2) -> 0 | T33: =IF(E33="男",LOOKUP($S33,[1]对照表!$AB$3:$AB$13,[1]对照表!$AC$3:$AC$13),LOOKUP($S33,[1]对照表!$AB$15:$AB$25,[1]对照表!$AC$15:$AC$25)) -> 0 | U33: =R33+T33 -> 64 | V33: =SUM(I33,K33,M33)/3*0.3+SUM(G33,R33)/2*0.4 -> 47.2 | W33: =O33+T33 -> 0 | X33: =V33/0.7+W33 -> 67.428571 | Y33: 67.428571
A34: 25 | B34: 高一 | C34: 101 | D34: 邱添 | E34: 男 | F34: 8.1 | G34: =IF(B34="高三",IF($E34="男",LOOKUP(F34,[1]对照表!$G$3:$G$24,[1]对照表!$H$3:$H$24),LOOKUP(F34,[1]对照表!$G$27:$G$48,[1]对照表!$H$27:$H$48)),IF(B34="高二",IF($E34="男",LOOKUP(F34,[1]对照表!$F$3:$F$24,[1]对照表!$H$3:$H$24),LOOKUP(F34,[1]对照表!$F$27:$F$48,[1]对照表!$H$27:$H$48)),IF(B34="高一",IF($E34="男",LOOKUP(F34,[1]对照表!$E$3:$E$24,[1]对照表!$H$3:$H$24),LOOKUP(F34,[1]对照表!$E$27:$E$48,[1]对照表!$H$27:$H$48))))) -> 74 | H34: 14 | I34: =IF(B34="高三",IF($E34="男",LOOKUP(H34,[1]对照表!$K$3:$K$24,[1]对照表!$L$3:$L$24),LOOKUP(H34,[1]对照表!$K$27:$K$48,[1]对照表!$L$27:$L$48)),IF(B34="高二",IF($E34="男",LOOKUP(H34,[1]对照表!$J$3:$J$24,[1]对照表!$L$3:$L$24),LOOKUP(H34,[1]对照表!$J$27:$J$48,[1]对照表!$L$27:$L$48)),IF(B34="高一",IF($E34="男",LOOKUP(H34,[1]对照表!$I$3:$I$24,[1]对照表!$L$3:$L$24),LOOKUP(H34,[1]对照表!$I$27:$I$48,[1]对照表!$L$27:$L$48))))) -> 78 | J34: 194 | K34: =IF(B34="高三",IF($E34="男",LOOKUP(J34,[1]对照表!$O$3:$O$24,[1]对照表!$P$3:$P$24),LOOKUP(J34,[1]对照表!$O$27:$O$48,[1]对照表!$P$27:$P$48)),IF(B34="高二",IF($E34="男",LOOKUP(J34,[1]对照表!$N$3:$N$24,[1]对照表!$P$3:$P$24),LOOKUP(J34,[1]对照表!$N$27:$N$48,[1]对照表!$P$27:$P$48)),IF(B34="高一",IF($E34="男",LOOKUP(J34,[1]对照表!$M$3:$M$24,[1]对照表!$P$3:$P$24),LOOKUP(J34,[1]对照表!$M$27:$M$48,[1]对照表!$P$27:$P$48))))) -> 50 | L34: 8 | M34: =IF(B34="高三",IF($E34="男",LOOKUP(L34,[1]对照表!$S$3:$S$24,[1]对照表!$T$3:$T$24),LOOKUP(L34,[1]对照表!$S$27:$S$48,[1]对照表!$T$27:$T$48)),IF(B34="高二",IF($E34="男",LOOKUP(L34,[1]对照表!$R$3:$R$24,[1]对照表!$T$3:$T$24),LOOKUP(L34,[1]对照表!$R$27:$R$48,[1]对照表!$T$27:$T$48)),IF(B34="高一",IF($E34="男",LOOKUP(L34,[1]对照表!$Q$3:$Q$24,[1]对照表!$T$3:$T$24),LOOKUP(L34,[1]对照表!$Q$27:$Q$48,[1]对照表!$T$27:$T$48))))) -> 64 | N34: =IF(B34="高三",MAX(IF(E34="男",L34-18,L34-55),0),IF(B34="高二",MAX(IF(E34="男",L34-17,L34-54),0),IF(B34="高一",MAX(IF(E34="男",L34-16,L34-53),0)))) -> 0 | O34: =IF(E34="男",LOOKUP($N34,[1]对照表!$Z$3:$Z$13,[1]对照表!$AA$3:$AA$13),LOOKUP($N34,[1]对照表!$Z$15:$Z$25,[1]对照表!$AA$15:$AA$25)) -> 0 | P34: =M34+O34 -> 64 | Q34: 4.31 | R34: =IF(B34="高三",IF($E34="男",LOOKUP(Q34,[1]对照表!$W$3:$W$24,[1]对照表!$X$3:$X$24),LOOKUP(Q34,[1]对照表!$W$27:$W$48,[1]对照表!$X$27:$X$48)),IF(B34="高二",IF($E34="男",LOOKUP(Q34,[1]对照表!$V$3:$V$24,[1]对照表!$X$3:$X$24),LOOKUP(Q34,[1]对照表!$V$27:$V$48,[1]对照表!$X$27:$X$48)),IF(B34="高一",IF($E34="男",LOOKUP(Q34,[1]对照表!$U$3:$U$24,[1]对照表!$X$3:$X$24),LOOKUP(Q34,[1]对照表!$U$27:$U$48,[1]对照表!$X$27:$X$48))))) -> 64 | S34: =ROUND(IF(IF($B34="高三",MIN(IF($E34="男",$Q34-3.2,$Q34-3.2),0),IF($B34="高二",MIN(IF($E34="男",$Q34-3.25,$Q34-3.22),0),IF($B34="高一",MIN(IF($E34="男",$Q34-3.3,$Q34-3.24),0))))<-0.6,IF($B34="高三",MIN(IF($E34="男",$Q34-3.2,$Q34-3.2),0),IF($B34="高二",MIN(IF($E34="男",$Q34-3.25,$Q34-3.22),0),IF($B34="高一",MIN(IF($E34="男",$Q34-3.3,$Q34-3.24),0))))+0.4,IF($B34="高三",MIN(IF($E34="男",$Q34-3.2,$Q34-3.2),0),IF($B34="高二",MIN(IF($E34="男",$Q34-3.25,$Q34-3.22),0),IF($B34="高一",MIN(IF($E34="男",$Q34-3.3,$Q34-3.24),0))))),2) -> 0 | T34: =IF(E34="男",LOOKUP($S34,[1]对照表!$AB$3:$AB$13,[1]对照表!$AC$3:$AC$13),LOOKUP($S34,[1]对照表!$AB$15:$AB$25,[1]对照表!$AC$15:$AC$25)) -> 0 | U34: =R34+T34 -> 64 | V34: =SUM(I34,K34,M34)/3*0.3+SUM(G34,R34)/2*0.4 -> 46.8 | W34: =O34+T34 -> 0 | X34: =V34/0.7+W34 -> 66.857143 | Y34: 66.857143
A35: 28 | B35: 高一 | C35: 101 | D35: 施迪文 | E35: 男 | F35: 7.4 | G35: =IF(B35="高三",IF($E35="男",LOOKUP(F35,[1]对照表!$G$3:$G$24,[1]对照表!$H$3:$H$24),LOOKUP(F35,[1]对照表!$G$27:$G$48,[1]对照表!$H$27:$H$48)),IF(B35="高二",IF($E35="男",LOOKUP(F35,[1]对照表!$F$3:$F$24,[1]对照表!$H$3:$H$24),LOOKUP(F35,[1]对照表!$F$27:$F$48,[1]对照表!$H$27:$H$48)),IF(B35="高一",IF($E35="男",LOOKUP(F35,[1]对照表!$E$3:$E$24,[1]对照表!$H$3:$H$24),LOOKUP(F35,[1]对照表!$E$27:$E$48,[1]对照表!$H$27:$H$48))))) -> 85 | H35: 17.2 | I35: =IF(B35="高三",IF($E35="男",LOOKUP(H35,[1]对照表!$K$3:$K$24,[1]对照表!$L$3:$L$24),LOOKUP(H35,[1]对照表!$K$27:$K$48,[1]对照表!$L$27:$L$48)),IF(B35="高二",IF($E35="男",LOOKUP(H35,[1]对照表!$J$3:$J$24,[1]对照表!$L$3:$L$24),LOOKUP(H35,[1]对照表!$J$27:$J$48,[1]对照表!$L$27:$L$48)),IF(B35="高一",IF($E35="男",LOOKUP(H35,[1]对照表!$I$3:$I$24,[1]对照表!$L$3:$L$24),LOOKUP(H35,[1]对照表!$I$27:$I$48,[1]对照表!$L$27:$L$48))))) -> 85 | J35: 260 | K35: =IF(B35="高三",IF($E35="男",LOOKUP(J35,[1]对照表!$O$3:$O$24,[1]对照表!$P$3:$P$24),LOOKUP(J35,[1]对照表!$O$27:$O$48,[1]对照表!$P$27:$P$48)),IF(B35="高二",IF($E35="男",LOOKUP(J35,[1]对照表!$N$3:$N$24,[1]对照表!$P$3:$P$24),LOOKUP(J35,[1]对照表!$N$27:$N$48,[1]对照表!$P$27:$P$48)),IF(B35="高一",IF($E35="男",LOOKUP(J35,[1]对照表!$M$3:$M$24,[1]对照表!$P$3:$P$24),LOOKUP(J35,[1]对照表!$M$27:$M$48,[1]对照表!$P$27:$P$48))))) -> 100 | L35: 7 | M35: =IF(B35="高三",IF($E35="男",LOOKUP(L35,[1]对照表!$S$3:$S$24,[1]对照表!$T$3:$T$24),LOOKUP(L35,[1]对照表!$S$27:$S$48,[1]对照表!$T$27:$T$48)),IF(B35="高二",IF($E35="男",LOOKUP(L35,[1]对照表!$R$3:$R$24,[1]对照表!$T$3:$T$24),LOOKUP(L35,[1]对照表!$R$27:$R$48,[1]对照表!$T$27:$T$48)),IF(B35="高一",IF($E35="男",LOOKUP(L35,[1]对照表!$Q$3:$Q$24,[1]对照表!$T$3:$T$24),LOOKUP(L35,[1]对照表!$Q$27:$Q$48,[1]对照表!$T$27:$T$48))))) -> 60 | N35: =IF(B35="高三",MAX(IF(E35="男",L35-18,L35-55),0),IF(B35="高二",MAX(IF(E35="男",L35-17,L35-54),0),IF(B35="高一",MAX(IF(E35="男",L35-16,L35-53),0)))) -> 0 | O35: =IF(E35="男",LOOKUP($N35,[1]对照表!$Z$3:$Z$13,[1]对照表!$AA$3:$AA$13),LOOKUP($N35,[1]对照表!$Z$15:$Z$25,[1]对照表!$AA$15:$AA$25)) -> 0 | P35: =M35+O35 -> 60 | R35: 0 | S35: 0 | T35: =IF(E35="男",LOOKUP($S35,[1]对照表!$AB$3:$AB$13,[1]对照表!$AC$3:$AC$13),LOOKUP($S35,[1]对照表!$AB$15:$AB$25,[1]对照表!$AC$15:$AC$25)) -> 0 | U35: =R35+T35 -> 0 | V35: =SUM(I35,K35,M35)/3*0.3+SUM(G35,R35)/2*0.4 -> 41.5 | W35: =O35+T35 -> 0 | X35: =V35/0.7+W35 -> 59.285714 | Y35: 59.285714 | Z35: 心脏
A36: 31 | B36: 高一 | C36: 101 | D36: 王启楷 | E36: 男 | F36: 8.2 | G36: =IF(B36="高三",IF($E36="男",LOOKUP(F36,[1]对照表!$G$3:$G$24,[1]对照表!$H$3:$H$24),LOOKUP(F36,[1]对照表!$G$27:$G$48,[1]对照表!$H$27:$H$48)),IF(B36="高二",IF($E36="男",LOOKUP(F36,[1]对照表!$F$3:$F$24,[1]对照表!$H$3:$H$24),LOOKUP(F36,[1]对照表!$F$27:$F$48,[1]对照表!$H$27:$H$48)),IF(B36="高一",IF($E36="男",LOOKUP(F36,[1]对照表!$E$3:$E$24,[1]对照表!$H$3:$H$24),LOOKUP(F36,[1]对照表!$E$27:$E$48,[1]对照表!$H$27:$H$48))))) -> 72 | H36: -2.5 | I36: =IF(B36="高三",IF($E36="男",LOOKUP(H36,[1]对照表!$K$3:$K$24,[1]对照表!$L$3:$L$24),LOOKUP(H36,[1]对照表!$K$27:$K$48,[1]对照表!$L$27:$L$48)),IF(B36="高二",IF($E36="男",LOOKUP(H36,[1]对照表!$J$3:$J$24,[1]对照表!$L$3:$L$24),LOOKUP(H36,[1]对照表!$J$27:$J$48,[1]对照表!$L$27:$L$48)),IF(B36="高一",IF($E36="男",LOOKUP(H36,[1]对照表!$I$3:$I$24,[1]对照表!$L$3:$L$24),LOOKUP(H36,[1]对照表!$I$27:$I$48,[1]对照表!$L$27:$L$48))))) -> 20 | J36: 210 | K36: =IF(B36="高三",IF($E36="男",LOOKUP(J36,[1]对照表!$O$3:$O$24,[1]对照表!$P$3:$P$24),LOOKUP(J36,[1]对照表!$O$27:$O$48,[1]对照表!$P$27:$P$48)),IF(B36="高二",IF($E36="男",LOOKUP(J36,[1]对照表!$N$3:$N$24,[1]对照表!$P$3:$P$24),LOOKUP(J36,[1]对照表!$N$27:$N$48,[1]对照表!$P$27:$P$48)),IF(B36="高一",IF($E36="男",LOOKUP(J36,[1]对照表!$M$3:$M$24,[1]对照表!$P$3:$P$24),LOOKUP(J36,[1]对照表!$M$27:$M$48,[1]对照表!$P$27:$P$48))))) -> 66 | L36: 4 | M36: =IF(B36="高三",IF($E36="男",LOOKUP(L36,[1]对照表!$S$3:$S$24,[1]对照表!$T$3:$T$24),LOOKUP(L36,[1]对照表!$S$27:$S$48,[1]对照表!$T$27:$T$48)),IF(B36="高二",IF($E36="男",LOOKUP(L36,[1]对照表!$R$3:$R$24,[1]对照表!$T$3:$T$24),LOOKUP(L36,[1]对照表!$R$27:$R$48,[1]对照表!$T$27:$T$48)),IF(B36="高一",IF($E36="男",LOOKUP(L36,[1]对照表!$Q$3:$Q$24,[1]对照表!$T$3:$T$24),LOOKUP(L36,[1]对照表!$Q$27:$Q$48,[1]对照表!$T$27:$T$48))))) -> 30 | N36: =IF(B36="高三",MAX(IF(E36="男",L36-18,L36-55),0),IF(B36="高二",MAX(IF(E36="男",L36-17,L36-54),0),IF(B36="高一",MAX(IF(E36="男",L36-16,L36-53),0)))) -> 0 | O36: =IF(E36="男",LOOKUP($N36,[1]对照表!$Z$3:$Z$13,[1]对照表!$AA$3:$AA$13),LOOKUP($N36,[1]对照表!$Z$15:$Z$25,[1]对照表!$AA$15:$AA$25)) -> 0 | P36: =M36+O36 -> 30 | Q36: 4.1 | R36: =IF(B36="高三",IF($E36="男",LOOKUP(Q36,[1]对照表!$W$3:$W$24,[1]对照表!$X$3:$X$24),LOOKUP(Q36,[1]对照表!$W$27:$W$48,[1]对照表!$X$27:$X$48)),IF(B36="高二",IF($E36="男",LOOKUP(Q36,[1]对照表!$V$3:$V$24,[1]对照表!$X$3:$X$24),LOOKUP(Q36,[1]对照表!$V$27:$V$48,[1]对照表!$X$27:$X$48)),IF(B36="高一",IF($E36="男",LOOKUP(Q36,[1]对照表!$U$3:$U$24,[1]对照表!$X$3:$X$24),LOOKUP(Q36,[1]对照表!$U$27:$U$48,[1]对照表!$X$27:$X$48))))) -> 74 | S36: =ROUND(IF(IF($B36="高三",MIN(IF($E36="男",$Q36-3.2,$Q36-3.2),0),IF($B36="高二",MIN(IF($E36="男",$Q36-3.25,$Q36-3.22),0),IF($B36="高一",MIN(IF($E36="男",$Q36-3.3,$Q36-3.24),0))))<-0.6,IF($B36="高三",MIN(IF($E36="男",$Q36-3.2,$Q36-3.2),0),IF($B36="高二",MIN(IF($E36="男",$Q36-3.25,$Q36-3.22),0),IF($B36="高一",MIN(IF($E36="男",$Q36-3.3,$Q36-3.24),0))))+0.4,IF($B36="高三",MIN(IF($E36="男",$Q36-3.2,$Q36-3.2),0),IF($B36="高二",MIN(IF($E36="男",$Q36-3.25,$Q36-3.22),0),IF($B36="高一",MIN(IF($E36="男",$Q36-3.3,$Q36-3.24),0))))),2) -> 0 | T36: =IF(E36="男",LOOKUP($S36,[1]对照表!$AB$3:$AB$13,[1]对照表!$AC$3:$AC$13),LOOKUP($S36,[1]对照表!$AB$15:$AB$25,[1]对照表!$AC$15:$AC$25)) -> 0 | U36: =R36+T36 -> 74 | V36: =SUM(I36,K36,M36)/3*0.3+SUM(G36,R36)/2*0.4 -> 40.8 | W36: =O36+T36 -> 0 | X36: =V36/0.7+W36 -> 58.285714 | Y36: 58.285714
A37: 42 | B37: 高一 | C37: 101 | D37: 金子瑜 | E37: 女 | F37: 9.31 | G37: =IF(B37="高三",IF($E37="男",LOOKUP(F37,[1]对照表!$G$3:$G$24,[1]对照表!$H$3:$H$24),LOOKUP(F37,[1]对照表!$G$27:$G$48,[1]对照表!$H$27:$H$48)),IF(B37="高二",IF($E37="男",LOOKUP(F37,[1]对照表!$F$3:$F$24,[1]对照表!$H$3:$H$24),LOOKUP(F37,[1]对照表!$F$27:$F$48,[1]对照表!$H$27:$H$48)),IF(B37="高一",IF($E37="男",LOOKUP(F37,[1]对照表!$E$3:$E$24,[1]对照表!$H$3:$H$24),LOOKUP(F37,[1]对照表!$E$27:$E$48,[1]对照表!$H$27:$H$48))))) -> 72 | H37: 23.5 | I37: =IF(B37="高三",IF($E37="男",LOOKUP(H37,[1]对照表!$K$3:$K$24,[1]对照表!$L$3:$L$24),LOOKUP(H37,[1]对照表!$K$27:$K$48,[1]对照表!$L$27:$L$48)),IF(B37="高二",IF($E37="男",LOOKUP(H37,[1]对照表!$J$3:$J$24,[1]对照表!$L$3:$L$24),LOOKUP(H37,[1]对照表!$J$27:$J$48,[1]对照表!$L$27:$L$48)),IF(B37="高一",IF($E37="男",LOOKUP(H37,[1]对照表!$I$3:$I$24,[1]对照表!$L$3:$L$24),LOOKUP(H37,[1]对照表!$I$27:$I$48,[1]对照表!$L$27:$L$48))))) -> 95 | J37: 183 | K37: =IF(B37="高三",IF($E37="男",LOOKUP(J37,[1]对照表!$O$3:$O$24,[1]对照表!$P$3:$P$24),LOOKUP(J37,[1]对照表!$O$27:$O$48,[1]对照表!$P$27:$P$48)),IF(B37="高二",IF($E37="男",LOOKUP(J37,[1]对照表!$N$3:$N$24,[1]对照表!$P$3:$P$24),LOOKUP(J37,[1]对照表!$N$27:$N$48,[1]对照表!$P$27:$P$48)),IF(B37="高一",IF($E37="男",LOOKUP(J37,[1]对照表!$M$3:$M$24,[1]对照表!$P$3:$P$24),LOOKUP(J37,[1]对照表!$M$27:$M$48,[1]对照表!$P$27:$P$48))))) -> 80 | L37: 47 | M37: =IF(B37="高三",IF($E37="男",LOOKUP(L37,[1]对照表!$S$3:$S$24,[1]对照表!$T$3:$T$24),LOOKUP(L37,[1]对照表!$S$27:$S$48,[1]对照表!$T$27:$T$48)),IF(B37="高二",IF($E37="男",LOOKUP(L37,[1]对照表!$R$3:$R$24,[1]对照表!$T$3:$T$24),LOOKUP(L37,[1]对照表!$R$27:$R$48,[1]对照表!$T$27:$T$48)),IF(B37="高一",IF($E37="男",LOOKUP(L37,[1]对照表!$Q$3:$Q$24,[1]对照表!$T$3:$T$24),LOOKUP(L37,[1]对照表!$Q$27:$Q$48,[1]对照表!$T$27:$T$48))))) -> 85 | N37: =IF(B37="高三",MAX(IF(E37="男",L37-18,L37-55),0),IF(B37="高二",MAX(IF(E37="男",L37-17,L37-54),0),IF(B37="高一",MAX(IF(E37="男",L37-16,L37-53),0)))) -> 0 | O37: =IF(E37="男",LOOKUP($N37,[1]对照表!$Z$3:$Z$13,[1]对照表!$AA$3:$AA$13),LOOKUP($N37,[1]对照表!$Z$15:$Z$25,[1]对照表!$AA$15:$AA$25)) -> 0 | P37: =M37+O37 -> 85 | Q37: 3.48 | R37: =IF(B37="高三",IF($E37="男",LOOKUP(Q37,[1]对照表!$W$3:$W$24,[1]对照表!$X$3:$X$24),LOOKUP(Q37,[1]对照表!$W$27:$W$48,[1]对照表!$X$27:$X$48)),IF(B37="高二",IF($E37="男",LOOKUP(Q37,[1]对照表!$V$3:$V$24,[1]对照表!$X$3:$X$24),LOOKUP(Q37,[1]对照表!$V$27:$V$48,[1]对照表!$X$27:$X$48)),IF(B37="高一",IF($E37="男",LOOKUP(Q37,[1]对照表!$U$3:$U$24,[1]对照表!$X$3:$X$24),LOOKUP(Q37,[1]对照表!$U$27:$U$48,[1]对照表!$X$27:$X$48))))) -> 80 | S37: =ROUND(IF(IF($B37="高三",MIN(IF($E37="男",$Q37-3.2,$Q37-3.2),0),IF($B37="高二",MIN(IF($E37="男",$Q37-3.25,$Q37-3.22),0),IF($B37="高一",MIN(IF($E37="男",$Q37-3.3,$Q37-3.24),0))))<-0.6,IF($B37="高三",MIN(IF($E37="男",$Q37-3.2,$Q37-3.2),0),IF($B37="高二",MIN(IF($E37="男",$Q37-3.25,$Q37-3.22),0),IF($B37="高一",MIN(IF($E37="男",$Q37-3.3,$Q37-3.24),0))))+0.4,IF($B37="高三",MIN(IF($E37="男",$Q37-3.2,$Q37-3.2),0),IF($B37="高二",MIN(IF($E37="男",$Q37-3.25,$Q37-3.22),0),IF($B37="高一",MIN(IF($E37="男",$Q37-3.3,$Q37-3.24),0))))),2) -> 0 | T37: =IF(E37="男",LOOKUP($S37,[1]对照表!$AB$3:$AB$13,[1]对照表!$AC$3:$AC$13),LOOKUP($S37,[1]对照表!$AB$15:$AB$25,[1]对照表!$AC$15:$AC$25)) -> 0 | U37: =R37+T37 -> 80 | V37: =SUM(I37,K37,M37)/3*0.3+SUM(G37,R37)/2*0.4 -> 56.4 | W37: =O37+T37 -> 0 | X37: =V37/0.7+W37 -> 80.571429 | Y37: 80.571429
A38: 7 | B38: 高一 | C38: 101 | D38: 董睿宇 | E38: 男 | F38: 9.7 | G38: =IF(B38="高三",IF($E38="男",LOOKUP(F38,[1]对照表!$G$3:$G$24,[1]对照表!$H$3:$H$24),LOOKUP(F38,[1]对照表!$G$27:$G$48,[1]对照表!$H$27:$H$48)),IF(B38="高二",IF($E38="男",LOOKUP(F38,[1]对照表!$F$3:$F$24,[1]对照表!$H$3:$H$24),LOOKUP(F38,[1]对照表!$F$27:$F$48,[1]对照表!$H$27:$H$48)),IF(B38="高一",IF($E38="男",LOOKUP(F38,[1]对照表!$E$3:$E$24,[1]对照表!$H$3:$H$24),LOOKUP(F38,[1]对照表!$E$27:$E$48,[1]对照表!$H$27:$H$48))))) -> 50 | H38: -15.5 | I38: =IF(B38="高三",IF($E38="男",LOOKUP(H38,[1]对照表!$K$3:$K$24,[1]对照表!$L$3:$L$24),LOOKUP(H38,[1]对照表!$K$27:$K$48,[1]对照表!$L$27:$L$48)),IF(B38="高二",IF($E38="男",LOOKUP(H38,[1]对照表!$J$3:$J$24,[1]对照表!$L$3:$L$24),LOOKUP(H38,[1]对照表!$J$27:$J$48,[1]对照表!$L$27:$L$48)),IF(B38="高一",IF($E38="男",LOOKUP(H38,[1]对照表!$I$3:$I$24,[1]对照表!$L$3:$L$24),LOOKUP(H38,[1]对照表!$I$27:$I$48,[1]对照表!$L$27:$L$48))))) -> 0 | J38: 130 | K38: =IF(B38="高三",IF($E38="男",LOOKUP(J38,[1]对照表!$O$3:$O$24,[1]对照表!$P$3:$P$24),LOOKUP(J38,[1]对照表!$O$27:$O$48,[1]对照表!$P$27:$P$48)),IF(B38="高二",IF($E38="男",LOOKUP(J38,[1]对照表!$N$3:$N$24,[1]对照表!$P$3:$P$24),LOOKUP(J38,[1]对照表!$N$27:$N$48,[1]对照表!$P$27:$P$48)),IF(B38="高一",IF($E38="男",LOOKUP(J38,[1]对照表!$M$3:$M$24,[1]对照表!$P$3:$P$24),LOOKUP(J38,[1]对照表!$M$27:$M$48,[1]对照表!$P$27:$P$48))))) -> 0 | L38: 0 | M38: =IF(B38="高三",IF($E38="男",LOOKUP(L38,[1]对照表!$S$3:$S$24,[1]对照表!$T$3:$T$24),LOOKUP(L38,[1]对照表!$S$27:$S$48,[1]对照表!$T$27:$T$48)),IF(B38="高二",IF($E38="男",LOOKUP(L38,[1]对照表!$R$3:$R$24,[1]对照表!$T$3:$T$24),LOOKUP(L38,[1]对照表!$R$27:$R$48,[1]对照表!$T$27:$T$48)),IF(B38="高一",IF($E38="男",LOOKUP(L38,[1]对照表!$Q$3:$Q$24,[1]对照表!$T$3:$T$24),LOOKUP(L38,[1]对照表!$Q$27:$Q$48,[1]对照表!$T$27:$T$48))))) -> 0 | N38: =IF(B38="高三",MAX(IF(E38="男",L38-18,L38-55),0),IF(B38="高二",MAX(IF(E38="男",L38-17,L38-54),0),IF(B38="高一",MAX(IF(E38="男",L38-16,L38-53),0)))) -> 0 | O38: =IF(E38="男",LOOKUP($N38,[1]对照表!$Z$3:$Z$13,[1]对照表!$AA$3:$AA$13),LOOKUP($N38,[1]对照表!$Z$15:$Z$25,[1]对照表!$AA$15:$AA$25)) -> 0 | P38: =M38+O38 -> 0 | Q38: 5.06 | R38: =IF(B38="高三",IF($E38="男",LOOKUP(Q38,[1]对照表!$W$3:$W$24,[1]对照表!$X$3:$X$24),LOOKUP(Q38,[1]对照表!$W$27:$W$48,[1]对照表!$X$27:$X$48)),IF(B38="高二",IF($E38="男",LOOKUP(Q38,[1]对照表!$V$3:$V$24,[1]对照表!$X$3:$X$24),LOOKUP(Q38,[1]对照表!$V$27:$V$48,[1]对照表!$X$27:$X$48)),IF(B38="高一",IF($E38="男",LOOKUP(Q38,[1]对照表!$U$3:$U$24,[1]对照表!$X$3:$X$24),LOOKUP(Q38,[1]对照表!$U$27:$U$48,[1]对照表!$X$27:$X$48))))) -> 40 | S38: =ROUND(IF(IF($B38="高三",MIN(IF($E38="男",$Q38-3.2,$Q38-3.2),0),IF($B38="高二",MIN(IF($E38="男",$Q38-3.25,$Q38-3.22),0),IF($B38="高一",MIN(IF($E38="男",$Q38-3.3,$Q38-3.24),0))))<-0.6,IF($B38="高三",MIN(IF($E38="男",$Q38-3.2,$Q38-3.2),0),IF($B38="高二",MIN(IF($E38="男",$Q38-3.25,$Q38-3.22),0),IF($B38="高一",MIN(IF($E38="男",$Q38-3.3,$Q38-3.24),0))))+0.4,IF($B38="高三",MIN(IF($E38="男",$Q38-3.2,$Q38-3.2),0),IF($B38="高二",MIN(IF($E38="男",$Q38-3.25,$Q38-3.22),0),IF($B38="高一",MIN(IF($E38="男",$Q38-3.3,$Q38-3.24),0))))),2) -> 0 | T38: =IF(E38="男",LOOKUP($S38,[1]对照表!$AB$3:$AB$13,[1]对照表!$AC$3:$AC$13),LOOKUP($S38,[1]对照表!$AB$15:$AB$25,[1]对照表!$AC$15:$AC$25)) -> 0 | U38: =R38+T38 -> 40 | V38: =SUM(I38,K38,M38)/3*0.3+SUM(G38,R38)/2*0.4 -> 18 | W38: =O38+T38 -> 0 | X38: =V38/0.7+W38 -> 25.714286 | Y38: 50
A39: 30 | B39: 高一 | C39: 101 | D39: 汪煜 | E39: 男 | F39: 病免 | G39: =IF(B39="高三",IF($E39="男",LOOKUP(F39,[1]对照表!$G$3:$G$24,[1]对照表!$H$3:$H$24),LOOKUP(F39,[1]对照表!$G$27:$G$48,[1]对照表!$H$27:$H$48)),IF(B39="高二",IF($E39="男",LOOKUP(F39,[1]对照表!$F$3:$F$24,[1]对照表!$H$3:$H$24),LOOKUP(F39,[1]对照表!$F$27:$F$48,[1]对照表!$H$27:$H$48)),IF(B39="高一",IF($E39="男",LOOKUP(F39,[1]对照表!$E$3:$E$24,[1]对照表!$H$3:$H$24),LOOKUP(F39,[1]对照表!$E$27:$E$48,[1]对照表!$H$27:$H$48))))) -> / | H39: 26.1 | I39: =IF(B39="高三",IF($E39="男",LOOKUP(H39,[1]对照表!$K$3:$K$24,[1]对照表!$L$3:$L$24),LOOKUP(H39,[1]对照表!$K$27:$K$48,[1]对照表!$L$27:$L$48)),IF(B39="高二",IF($E39="男",LOOKUP(H39,[1]对照表!$J$3:$J$24,[1]对照表!$L$3:$L$24),LOOKUP(H39,[1]对照表!$J$27:$J$48,[1]对照表!$L$27:$L$48)),IF(B39="高一",IF($E39="男",LOOKUP(H39,[1]对照表!$I$3:$I$24,[1]对照表!$L$3:$L$24),LOOKUP(H39,[1]对照表!$I$27:$I$48,[1]对照表!$L$27:$L$48))))) -> 100 | J39: 250 | K39: =IF(B39="高三",IF($E39="男",LOOKUP(J39,[1]对照表!$O$3:$O$24,[1]对照表!$P$3:$P$24),LOOKUP(J39,[1]对照表!$O$27:$O$48,[1]对照表!$P$27:$P$48)),IF(B39="高二",IF($E39="男",LOOKUP(J39,[1]对照表!$N$3:$N$24,[1]对照表!$P$3:$P$24),LOOKUP(J39,[1]对照表!$N$27:$N$48,[1]对照表!$P$27:$P$48)),IF(B39="高一",IF($E39="男",LOOKUP(J39,[1]对照表!$M$3:$M$24,[1]对照表!$P$3:$P$24),LOOKUP(J39,[1]对照表!$M$27:$M$48,[1]对照表!$P$27:$P$48))))) -> 90 | L39: 16 | M39: =IF(B39="高三",IF($E39="男",LOOKUP(L39,[1]对照表!$S$3:$S$24,[1]对照表!$T$3:$T$24),LOOKUP(L39,[1]对照表!$S$27:$S$48,[1]对照表!$T$27:$T$48)),IF(B39="高二",IF($E39="男",LOOKUP(L39,[1]对照表!$R$3:$R$24,[1]对照表!$T$3:$T$24),LOOKUP(L39,[1]对照表!$R$27:$R$48,[1]对照表!$T$27:$T$48)),IF(B39="高一",IF($E39="男",LOOKUP(L39,[1]对照表!$Q$3:$Q$24,[1]对照表!$T$3:$T$24),LOOKUP(L39,[1]对照表!$Q$27:$Q$48,[1]对照表!$T$27:$T$48))))) -> 100 | N39: =IF(B39="高三",MAX(IF(E39="男",L39-18,L39-55),0),IF(B39="高二",MAX(IF(E39="男",L39-17,L39-54),0),IF(B39="高一",MAX(IF(E39="男",L39-16,L39-53),0)))) -> 0 | O39: =IF(E39="男",LOOKUP($N39,[1]对照表!$Z$3:$Z$13,[1]对照表!$AA$3:$AA$13),LOOKUP($N39,[1]对照表!$Z$15:$Z$25,[1]对照表!$AA$15:$AA$25)) -> 0 | P39: =M39+O39 -> 100 | R39: 0 | S39: 0 | T39: =IF(E39="男",LOOKUP($S39,[1]对照表!$AB$3:$AB$13,[1]对照表!$AC$3:$AC$13),LOOKUP($S39,[1]对照表!$AB$15:$AB$25,[1]对照表!$AC$15:$AC$25)) -> 0 | U39: =R39+T39 -> 0 | V39: =SUM(I39,K39,M39)/3*0.3+SUM(G39,R39)/2*0.4 -> 29 | W39: =O39+T39 -> 0 | X39: =V39/0.7+W39 -> 41.428571 | Y39: 50 | Z39: 扭伤
A40: 45 | B40: 高一 | C40: 101 | D40: 任黛雯 | E40: 女 | F40: 8.9 | G40: =IF(B40="高三",IF($E40="男",LOOKUP(F40,[1]对照表!$G$3:$G$24,[1]对照表!$H$3:$H$24),LOOKUP(F40,[1]对照表!$G$27:$G$48,[1]对照表!$H$27:$H$48)),IF(B40="高二",IF($E40="男",LOOKUP(F40,[1]对照表!$F$3:$F$24,[1]对照表!$H$3:$H$24),LOOKUP(F40,[1]对照表!$F$27:$F$48,[1]对照表!$H$27:$H$48)),IF(B40="高一",IF($E40="男",LOOKUP(F40,[1]对照表!$E$3:$E$24,[1]对照表!$H$3:$H$24),LOOKUP(F40,[1]对照表!$E$27:$E$48,[1]对照表!$H$27:$H$48))))) -> 76 | H40: 19 | I40: =IF(B40="高三",IF($E40="男",LOOKUP(H40,[1]对照表!$K$3:$K$24,[1]对照表!$L$3:$L$24),LOOKUP(H40,[1]对照表!$K$27:$K$48,[1]对照表!$L$27:$L$48)),IF(B40="高二",IF($E40="男",LOOKUP(H40,[1]对照表!$J$3:$J$24,[1]对照表!$L$3:$L$24),LOOKUP(H40,[1]对照表!$J$27:$J$48,[1]对照表!$L$27:$L$48)),IF(B40="高一",IF($E40="男",LOOKUP(H40,[1]对照表!$I$3:$I$24,[1]对照表!$L$3:$L$24),LOOKUP(H40,[1]对照表!$I$27:$I$48,[1]对照表!$L$27:$L$48))))) -> 80 | J40: 180 | K40: =IF(B40="高三",IF($E40="男",LOOKUP(J40,[1]对照表!$O$3:$O$24,[1]对照表!$P$3:$P$24),LOOKUP(J40,[1]对照表!$O$27:$O$48,[1]对照表!$P$27:$P$48)),IF(B40="高二",IF($E40="男",LOOKUP(J40,[1]对照表!$N$3:$N$24,[1]对照表!$P$3:$P$24),LOOKUP(J40,[1]对照表!$N$27:$N$48,[1]对照表!$P$27:$P$48)),IF(B40="高一",IF($E40="男",LOOKUP(J40,[1]对照表!$M$3:$M$24,[1]对照表!$P$3:$P$24),LOOKUP(J40,[1]对照表!$M$27:$M$48,[1]对照表!$P$27:$P$48))))) -> 80 | L40: 50 | M40: =IF(B40="高三",IF($E40="男",LOOKUP(L40,[1]对照表!$S$3:$S$24,[1]对照表!$T$3:$T$24),LOOKUP(L40,[1]对照表!$S$27:$S$48,[1]对照表!$T$27:$T$48)),IF(B40="高二",IF($E40="男",LOOKUP(L40,[1]对照表!$R$3:$R$24,[1]对照表!$T$3:$T$24),LOOKUP(L40,[1]对照表!$R$27:$R$48,[1]对照表!$T$27:$T$48)),IF(B40="高一",IF($E40="男",LOOKUP(L40,[1]对照表!$Q$3:$Q$24,[1]对照表!$T$3:$T$24),LOOKUP(L40,[1]对照表!$Q$27:$Q$48,[1]对照表!$T$27:$T$48))))) -> 90 | N40: =IF(B40="高三",MAX(IF(E40="男",L40-18,L40-55),0),IF(B40="高二",MAX(IF(E40="男",L40-17,L40-54),0),IF(B40="高一",MAX(IF(E40="男",L40-16,L40-53),0)))) -> 0 | O40: =IF(E40="男",LOOKUP($N40,[1]对照表!$Z$3:$Z$13,[1]对照表!$AA$3:$AA$13),LOOKUP($N40,[1]对照表!$Z$15:$Z$25,[1]对照表!$AA$15:$AA$25)) -> 0 | P40: =M40+O40 -> 90 | Q40: 3.54 | R40: =IF(B40="高三",IF($E40="男",LOOKUP(Q40,[1]对照表!$W$3:$W$24,[1]对照表!$X$3:$X$24),LOOKUP(Q40,[1]对照表!$W$27:$W$48,[1]对照表!$X$27:$X$48)),IF(B40="高二",IF($E40="男",LOOKUP(Q40,[1]对照表!$V$3:$V$24,[1]对照表!$X$3:$X$24),LOOKUP(Q40,[1]对照表!$V$27:$V$48,[1]对照表!$X$27:$X$48)),IF(B40="高一",IF($E40="男",LOOKUP(Q40,[1]对照表!$U$3:$U$24,[1]对照表!$X$3:$X$24),LOOKUP(Q40,[1]对照表!$U$27:$U$48,[1]对照表!$X$27:$X$48))))) -> 78 | S40: =ROUND(IF(IF($B40="高三",MIN(IF($E40="男",$Q40-3.2,$Q40-3.2),0),IF($B40="高二",MIN(IF($E40="男",$Q40-3.25,$Q40-3.22),0),IF($B40="高一",MIN(IF($E40="男",$Q40-3.3,$Q40-3.24),0))))<-0.6,IF($B40="高三",MIN(IF($E40="男",$Q40-3.2,$Q40-3.2),0),IF($B40="高二",MIN(IF($E40="男",$Q40-3.25,$Q40-3.22),0),IF($B40="高一",MIN(IF($E40="男",$Q40-3.3,$Q40-3.24),0))))+0.4,IF($B40="高三",MIN(IF($E40="男",$Q40-3.2,$Q40-3.2),0),IF($B40="高二",MIN(IF($E40="男",$Q40-3.25,$Q40-3.22),0),IF($B40="高一",MIN(IF($E40="男",$Q40-3.3,$Q40-3.24),0))))),2) -> 0 | T40: =IF(E40="男",LOOKUP($S40,[1]对照表!$AB$3:$AB$13,[1]对照表!$AC$3:$AC$13),LOOKUP($S40,[1]对照表!$AB$15:$AB$25,[1]对照表!$AC$15:$AC$25)) -> 0 | U40: =R40+T40 -> 78 | V40: =SUM(I40,K40,M40)/3*0.3+SUM(G40,R40)/2*0.4 -> 55.8 | W40: =O40+T40 -> 0 | X40: =V40/0.7+W40 -> 79.714286 | Y40: 79.714286
A41: 41 | B41: 高一 | C41: 101 | D41: 陈诗筠 | E41: 女 | F41: 10 | G41: =IF(B41="高三",IF($E41="男",LOOKUP(F41,[1]对照表!$G$3:$G$24,[1]对照表!$H$3:$H$24),LOOKUP(F41,[1]对照表!$G$27:$G$48,[1]对照表!$H$27:$H$48)),IF(B41="高二",IF($E41="男",LOOKUP(F41,[1]对照表!$F$3:$F$24,[1]对照表!$H$3:$H$24),LOOKUP(F41,[1]对照表!$F$27:$F$48,[1]对照表!$H$27:$H$48)),IF(B41="高一",IF($E41="男",LOOKUP(F41,[1]对照表!$E$3:$E$24,[1]对照表!$H$3:$H$24),LOOKUP(F41,[1]对照表!$E$27:$E$48,[1]对照表!$H$27:$H$48))))) -> 66 | H41: 22.5 | I41: =IF(B41="高三",IF($E41="男",LOOKUP(H41,[1]对照表!$K$3:$K$24,[1]对照表!$L$3:$L$24),LOOKUP(H41,[1]对照表!$K$27:$K$48,[1]对照表!$L$27:$L$48)),IF(B41="高二",IF($E41="男",LOOKUP(H41,[1]对照表!$J$3:$J$24,[1]对照表!$L$3:$L$24),LOOKUP(H41,[1]对照表!$J$27:$J$48,[1]对照表!$L$27:$L$48)),IF(B41="高一",IF($E41="男",LOOKUP(H41,[1]对照表!$I$3:$I$24,[1]对照表!$L$3:$L$24),LOOKUP(H41,[1]对照表!$I$27:$I$48,[1]对照表!$L$27:$L$48))))) -> 95 | J41: 156 | K41: =IF(B41="高三",IF($E41="男",LOOKUP(J41,[1]对照表!$O$3:$O$24,[1]对照表!$P$3:$P$24),LOOKUP(J41,[1]对照表!$O$27:$O$48,[1]对照表!$P$27:$P$48)),IF(B41="高二",IF($E41="男",LOOKUP(J41,[1]对照表!$N$3:$N$24,[1]对照表!$P$3:$P$24),LOOKUP(J41,[1]对照表!$N$27:$N$48,[1]对照表!$P$27:$P$48)),IF(B41="高一",IF($E41="男",LOOKUP(J41,[1]对照表!$M$3:$M$24,[1]对照表!$P$3:$P$24),LOOKUP(J41,[1]对照表!$M$27:$M$48,[1]对照表!$P$27:$P$48))))) -> 64 | L41: 48 | M41: =IF(B41="高三",IF($E41="男",LOOKUP(L41,[1]对照表!$S$3:$S$24,[1]对照表!$T$3:$T$24),LOOKUP(L41,[1]对照表!$S$27:$S$48,[1]对照表!$T$27:$T$48)),IF(B41="高二",IF($E41="男",LOOKUP(L41,[1]对照表!$R$3:$R$24,[1]对照表!$T$3:$T$24),LOOKUP(L41,[1]对照表!$R$27:$R$48,[1]对照表!$T$27:$T$48)),IF(B41="高一",IF($E41="男",LOOKUP(L41,[1]对照表!$Q$3:$Q$24,[1]对照表!$T$3:$T$24),LOOKUP(L41,[1]对照表!$Q$27:$Q$48,[1]对照表!$T$27:$T$48))))) -> 85 | N41: =IF(B41="高三",MAX(IF(E41="男",L41-18,L41-55),0),IF(B41="高二",MAX(IF(E41="男",L41-17,L41-54),0),IF(B41="高一",MAX(IF(E41="男",L41-16,L41-53),0)))) -> 0 | O41: =IF(E41="男",LOOKUP($N41,[1]对照表!$Z$3:$Z$13,[1]对照表!$AA$3:$AA$13),LOOKUP($N41,[1]对照表!$Z$15:$Z$25,[1]对照表!$AA$15:$AA$25)) -> 0 | P41: =M41+O41 -> 85 | Q41: 3.55 | R41: =IF(B41="高三",IF($E41="男",LOOKUP(Q41,[1]对照表!$W$3:$W$24,[1]对照表!$X$3:$X$24),LOOKUP(Q41,[1]对照表!$W$27:$W$48,[1]对照表!$X$27:$X$48)),IF(B41="高二",IF($E41="男",LOOKUP(Q41,[1]对照表!$V$3:$V$24,[1]对照表!$X$3:$X$24),LOOKUP(Q41,[1]对照表!$V$27:$V$48,[1]对照表!$X$27:$X$48)),IF(B41="高一",IF($E41="男",LOOKUP(Q41,[1]对照表!$U$3:$U$24,[1]对照表!$X$3:$X$24),LOOKUP(Q41,[1]对照表!$U$27:$U$48,[1]对照表!$X$27:$X$48))))) -> 78 | S41: =ROUND(IF(IF($B41="高三",MIN(IF($E41="男",$Q41-3.2,$Q41-3.2),0),IF($B41="高二",MIN(IF($E41="男",$Q41-3.25,$Q41-3.22),0),IF($B41="高一",MIN(IF($E41="男",$Q41-3.3,$Q41-3.24),0))))<-0.6,IF($B41="高三",MIN(IF($E41="男",$Q41-3.2,$Q41-3.2),0),IF($B41="高二",MIN(IF($E41="男",$Q41-3.25,$Q41-3.22),0),IF($B41="高一",MIN(IF($E41="男",$Q41-3.3,$Q41-3.24),0))))+0.4,IF($B41="高三",MIN(IF($E41="男",$Q41-3.2,$Q41-3.2),0),IF($B41="高二",MIN(IF($E41="男",$Q41-3.25,$Q41-3.22),0),IF($B41="高一",MIN(IF($E41="男",$Q41-3.3,$Q41-3.24),0))))),2) -> 0 | T41: =IF(E41="男",LOOKUP($S41,[1]对照表!$AB$3:$AB$13,[1]对照表!$AC$3:$AC$13),LOOKUP($S41,[1]对照表!$AB$15:$AB$25,[1]对照表!$AC$15:$AC$25)) -> 0 | U41: =R41+T41 -> 78 | V41: =SUM(I41,K41,M41)/3*0.3+SUM(G41,R41)/2*0.4 -> 53.2 | W41: =O41+T41 -> 0 | X41: =V41/0.7+W41 -> 76 | Y41: 76
A42: 13 | B42: 高一 | C42: 101 | D42: 蒋子皓 | E42: 男 | G42: 0 | I42: 0 | K42: 0 | M42: 0 | N42: 0 | O42: =IF(E42="男",LOOKUP($N42,[1]对照表!$Z$3:$Z$13,[1]对照表!$AA$3:$AA$13),LOOKUP($N42,[1]对照表!$Z$15:$Z$25,[1]对照表!$AA$15:$AA$25)) -> 0 | P42: =M42+O42 -> 0 | R42: 0 | S42: 0 | T42: =IF(E42="男",LOOKUP($S42,[1]对照表!$AB$3:$AB$13,[1]对照表!$AC$3:$AC$13),LOOKUP($S42,[1]对照表!$AB$15:$AB$25,[1]对照表!$AC$15:$AC$25)) -> 0 | U42: =R42+T42 -> 0 | V42: =SUM(I42,K42,M42)/3*0.3+SUM(G42,R42)/2*0.4 -> 0 | W42: =O42+T42 -> 0 | X42: =V42/0.7+W42 -> 0 | Y42: 50
A43: 14 | B43: 高一 | C43: 101 | D43: 金倬汉 | E43: 男 | G43: 0 | I43: 0 | K43: 0 | M43: 0 | N43: 0 | O43: =IF(E43="男",LOOKUP($N43,[1]对照表!$Z$3:$Z$13,[1]对照表!$AA$3:$AA$13),LOOKUP($N43,[1]对照表!$Z$15:$Z$25,[1]对照表!$AA$15:$AA$25)) -> 0 | P43: =M43+O43 -> 0 | R43: 0 | S43: 0 | T43: =IF(E43="男",LOOKUP($S43,[1]对照表!$AB$3:$AB$13,[1]对照表!$AC$3:$AC$13),LOOKUP($S43,[1]对照表!$AB$15:$AB$25,[1]对照表!$AC$15:$AC$25)) -> 0 | U43: =R43+T43 -> 0 | V43: =SUM(I43,K43,M43)/3*0.3+SUM(G43,R43)/2*0.4 -> 0 | W43: =O43+T43 -> 0 | X43: =V43/0.7+W43 -> 0 | Y43: 50
A44: 36 | B44: 高一 | C44: 101 | D44: 易子轩 | E44: 男 | G44: 0 | I44: 0 | K44: 0 | M44: 0 | N44: 0 | O44: =IF(E44="男",LOOKUP($N44,[1]对照表!$Z$3:$Z$13,[1]对照表!$AA$3:$AA$13),LOOKUP($N44,[1]对照表!$Z$15:$Z$25,[1]对照表!$AA$15:$AA$25)) -> 0 | P44: =M44+O44 -> 0 | R44: 0 | S44: 0 | T44: =IF(E44="男",LOOKUP($S44,[1]对照表!$AB$3:$AB$13,[1]对照表!$AC$3:$AC$13),LOOKUP($S44,[1]对照表!$AB$15:$AB$25,[1]对照表!$AC$15:$AC$25)) -> 0 | U44: =R44+T44 -> 0 | V44: =SUM(I44,K44,M44)/3*0.3+SUM(G44,R44)/2*0.4 -> 0 | W44: =O44+T44 -> 0 | X44: =V44/0.7+W44 -> 0 | Y44: 50
A45: 37 | B45: 高一 | C45: 101 | D45: 虞泽涛 | E45: 男 | G45: 0 | I45: 0 | K45: 0 | M45: 0 | N45: 0 | O45: =IF(E45="男",LOOKUP($N45,[1]对照表!$Z$3:$Z$13,[1]对照表!$AA$3:$AA$13),LOOKUP($N45,[1]对照表!$Z$15:$Z$25,[1]对照表!$AA$15:$AA$25)) -> 0 | P45: =M45+O45 -> 0 | R45: 0 | S45: 0 | T45: =IF(E45="男",LOOKUP($S45,[1]对照表!$AB$3:$AB$13,[1]对照表!$AC$3:$AC$13),LOOKUP($S45,[1]对照表!$AB$15:$AB$25,[1]对照表!$AC$15:$AC$25)) -> 0 | U45: =R45+T45 -> 0 | V45: =SUM(I45,K45,M45)/3*0.3+SUM(G45,R45)/2*0.4 -> 0 | W45: =O45+T45 -> 0 | X45: =V45/0.7+W45 -> 0 | Y45: 50
A46: 43 | B46: 高一 | C46: 101 | D46: 劳晞言 | E46: 女 | F46: 9.31 | G46: =IF(B46="高三",IF($E46="男",LOOKUP(F46,[1]对照表!$G$3:$G$24,[1]对照表!$H$3:$H$24),LOOKUP(F46,[1]对照表!$G$27:$G$48,[1]对照表!$H$27:$H$48)),IF(B46="高二",IF($E46="男",LOOKUP(F46,[1]对照表!$F$3:$F$24,[1]对照表!$H$3:$H$24),LOOKUP(F46,[1]对照表!$F$27:$F$48,[1]对照表!$H$27:$H$48)),IF(B46="高一",IF($E46="男",LOOKUP(F46,[1]对照表!$E$3:$E$24,[1]对照表!$H$3:$H$24),LOOKUP(F46,[1]对照表!$E$27:$E$48,[1]对照表!$H$27:$H$48))))) -> 72 | H46: 18.5 | I46: =IF(B46="高三",IF($E46="男",LOOKUP(H46,[1]对照表!$K$3:$K$24,[1]对照表!$L$3:$L$24),LOOKUP(H46,[1]对照表!$K$27:$K$48,[1]对照表!$L$27:$L$48)),IF(B46="高二",IF($E46="男",LOOKUP(H46,[1]对照表!$J$3:$J$24,[1]对照表!$L$3:$L$24),LOOKUP(H46,[1]对照表!$J$27:$J$48,[1]对照表!$L$27:$L$48)),IF(B46="高一",IF($E46="男",LOOKUP(H46,[1]对照表!$I$3:$I$24,[1]对照表!$L$3:$L$24),LOOKUP(H46,[1]对照表!$I$27:$I$48,[1]对照表!$L$27:$L$48))))) -> 80 | J46: 176 | K46: =IF(B46="高三",IF($E46="男",LOOKUP(J46,[1]对照表!$O$3:$O$24,[1]对照表!$P$3:$P$24),LOOKUP(J46,[1]对照表!$O$27:$O$48,[1]对照表!$P$27:$P$48)),IF(B46="高二",IF($E46="男",LOOKUP(J46,[1]对照表!$N$3:$N$24,[1]对照表!$P$3:$P$24),LOOKUP(J46,[1]对照表!$N$27:$N$48,[1]对照表!$P$27:$P$48)),IF(B46="高一",IF($E46="男",LOOKUP(J46,[1]对照表!$M$3:$M$24,[1]对照表!$P$3:$P$24),LOOKUP(J46,[1]对照表!$M$27:$M$48,[1]对照表!$P$27:$P$48))))) -> 78 | L46: 49 | M46: =IF(B46="高三",IF($E46="男",LOOKUP(L46,[1]对照表!$S$3:$S$24,[1]对照表!$T$3:$T$24),LOOKUP(L46,[1]对照表!$S$27:$S$48,[1]对照表!$T$27:$T$48)),IF(B46="高二",IF($E46="男",LOOKUP(L46,[1]对照表!$R$3:$R$24,[1]对照表!$T$3:$T$24),LOOKUP(L46,[1]对照表!$R$27:$R$48,[1]对照表!$T$27:$T$48)),IF(B46="高一",IF($E46="男",LOOKUP(L46,[1]对照表!$Q$3:$Q$24,[1]对照表!$T$3:$T$24),LOOKUP(L46,[1]对照表!$Q$27:$Q$48,[1]对照表!$T$27:$T$48))))) -> 90 | N46: =IF(B46="高三",MAX(IF(E46="男",L46-18,L46-55),0),IF(B46="高二",MAX(IF(E46="男",L46-17,L46-54),0),IF(B46="高一",MAX(IF(E46="男",L46-16,L46-53),0)))) -> 0 | O46: =IF(E46="男",LOOKUP($N46,[1]对照表!$Z$3:$Z$13,[1]对照表!$AA$3:$AA$13),LOOKUP($N46,[1]对照表!$Z$15:$Z$25,[1]对照表!$AA$15:$AA$25)) -> 0 | P46: =M46+O46 -> 90 | Q46: 4 | R46: =IF(B46="高三",IF($E46="男",LOOKUP(Q46,[1]对照表!$W$3:$W$24,[1]对照表!$X$3:$X$24),LOOKUP(Q46,[1]对照表!$W$27:$W$48,[1]对照表!$X$27:$X$48)),IF(B46="高二",IF($E46="男",LOOKUP(Q46,[1]对照表!$V$3:$V$24,[1]对照表!$X$3:$X$24),LOOKUP(Q46,[1]对照表!$V$27:$V$48,[1]对照表!$X$27:$X$48)),IF(B46="高一",IF($E46="男",LOOKUP(Q46,[1]对照表!$U$3:$U$24,[1]对照表!$X$3:$X$24),LOOKUP(Q46,[1]对照表!$U$27:$U$48,[1]对照表!$X$27:$X$48))))) -> 76 | S46: =ROUND(IF(IF($B46="高三",MIN(IF($E46="男",$Q46-3.2,$Q46-3.2),0),IF($B46="高二",MIN(IF($E46="男",$Q46-3.25,$Q46-3.22),0),IF($B46="高一",MIN(IF($E46="男",$Q46-3.3,$Q46-3.24),0))))<-0.6,IF($B46="高三",MIN(IF($E46="男",$Q46-3.2,$Q46-3.2),0),IF($B46="高二",MIN(IF($E46="男",$Q46-3.25,$Q46-3.22),0),IF($B46="高一",MIN(IF($E46="男",$Q46-3.3,$Q46-3.24),0))))+0.4,IF($B46="高三",MIN(IF($E46="男",$Q46-3.2,$Q46-3.2),0),IF($B46="高二",MIN(IF($E46="男",$Q46-3.25,$Q46-3.22),0),IF($B46="高一",MIN(IF($E46="男",$Q46-3.3,$Q46-3.24),0))))),2) -> 0 | T46: =IF(E46="男",LOOKUP($S46,[1]对照表!$AB$3:$AB$13,[1]对照表!$AC$3:$AC$13),LOOKUP($S46,[1]对照表!$AB$15:$AB$25,[1]对照表!$AC$15:$AC$25)) -> 0 | U46: =R46+T46 -> 76 | V46: =SUM(I46,K46,M46)/3*0.3+SUM(G46,R46)/2*0.4 -> 54.4 | W46: =O46+T46 -> 0 | X46: =V46/0.7+W46 -> 77.714286 | Y46: 77.714286
A47: 46 | B47: 高一 | C47: 101 | D47: 陶泺妍 | E47: 女 | F47: 9.71 | G47: =IF(B47="高三",IF($E47="男",LOOKUP(F47,[1]对照表!$G$3:$G$24,[1]对照表!$H$3:$H$24),LOOKUP(F47,[1]对照表!$G$27:$G$48,[1]对照表!$H$27:$H$48)),IF(B47="高二",IF($E47="男",LOOKUP(F47,[1]对照表!$F$3:$F$24,[1]对照表!$H$3:$H$24),LOOKUP(F47,[1]对照表!$F$27:$F$48,[1]对照表!$H$27:$H$48)),IF(B47="高一",IF($E47="男",LOOKUP(F47,[1]对照表!$E$3:$E$24,[1]对照表!$H$3:$H$24),LOOKUP(F47,[1]对照表!$E$27:$E$48,[1]对照表!$H$27:$H$48))))) -> 68 | H47: 30.5 | I47: =IF(B47="高三",IF($E47="男",LOOKUP(H47,[1]对照表!$K$3:$K$24,[1]对照表!$L$3:$L$24),LOOKUP(H47,[1]对照表!$K$27:$K$48,[1]对照表!$L$27:$L$48)),IF(B47="高二",IF($E47="男",LOOKUP(H47,[1]对照表!$J$3:$J$24,[1]对照表!$L$3:$L$24),LOOKUP(H47,[1]对照表!$J$27:$J$48,[1]对照表!$L$27:$L$48)),IF(B47="高一",IF($E47="男",LOOKUP(H47,[1]对照表!$I$3:$I$24,[1]对照表!$L$3:$L$24),LOOKUP(H47,[1]对照表!$I$27:$I$48,[1]对照表!$L$27:$L$48))))) -> 100 | J47: 190 | K47: =IF(B47="高三",IF($E47="男",LOOKUP(J47,[1]对照表!$O$3:$O$24,[1]对照表!$P$3:$P$24),LOOKUP(J47,[1]对照表!$O$27:$O$48,[1]对照表!$P$27:$P$48)),IF(B47="高二",IF($E47="男",LOOKUP(J47,[1]对照表!$N$3:$N$24,[1]对照表!$P$3:$P$24),LOOKUP(J47,[1]对照表!$N$27:$N$48,[1]对照表!$P$27:$P$48)),IF(B47="高一",IF($E47="男",LOOKUP(J47,[1]对照表!$M$3:$M$24,[1]对照表!$P$3:$P$24),LOOKUP(J47,[1]对照表!$M$27:$M$48,[1]对照表!$P$27:$P$48))))) -> 85 | L47: 59 | M47: =IF(B47="高三",IF($E47="男",LOOKUP(L47,[1]对照表!$S$3:$S$24,[1]对照表!$T$3:$T$24),LOOKUP(L47,[1]对照表!$S$27:$S$48,[1]对照表!$T$27:$T$48)),IF(B47="高二",IF($E47="男",LOOKUP(L47,[1]对照表!$R$3:$R$24,[1]对照表!$T$3:$T$24),LOOKUP(L47,[1]对照表!$R$27:$R$48,[1]对照表!$T$27:$T$48)),IF(B47="高一",IF($E47="男",LOOKUP(L47,[1]对照表!$Q$3:$Q$24,[1]对照表!$T$3:$T$24),LOOKUP(L47,[1]对照表!$Q$27:$Q$48,[1]对照表!$T$27:$T$48))))) -> 100 | N47: =IF(B47="高三",MAX(IF(E47="男",L47-18,L47-55),0),IF(B47="高二",MAX(IF(E47="男",L47-17,L47-54),0),IF(B47="高一",MAX(IF(E47="男",L47-16,L47-53),0)))) -> 6 | O47: =IF(E47="男",LOOKUP($N47,[1]对照表!$Z$3:$Z$13,[1]对照表!$AA$3:$AA$13),LOOKUP($N47,[1]对照表!$Z$15:$Z$25,[1]对照表!$AA$15:$AA$25)) -> 3 | P47: =M47+O47 -> 103 | Q47: 4 | R47: =IF(B47="高三",IF($E47="男",LOOKUP(Q47,[1]对照表!$W$3:$W$24,[1]对照表!$X$3:$X$24),LOOKUP(Q47,[1]对照表!$W$27:$W$48,[1]对照表!$X$27:$X$48)),IF(B47="高二",IF($E47="男",LOOKUP(Q47,[1]对照表!$V$3:$V$24,[1]对照表!$X$3:$X$24),LOOKUP(Q47,[1]对照表!$V$27:$V$48,[1]对照表!$X$27:$X$48)),IF(B47="高一",IF($E47="男",LOOKUP(Q47,[1]对照表!$U$3:$U$24,[1]对照表!$X$3:$X$24),LOOKUP(Q47,[1]对照表!$U$27:$U$48,[1]对照表!$X$27:$X$48))))) -> 76 | S47: =ROUND(IF(IF($B47="高三",MIN(IF($E47="男",$Q47-3.2,$Q47-3.2),0),IF($B47="高二",MIN(IF($E47="男",$Q47-3.25,$Q47-3.22),0),IF($B47="高一",MIN(IF($E47="男",$Q47-3.3,$Q47-3.24),0))))<-0.6,IF($B47="高三",MIN(IF($E47="男",$Q47-3.2,$Q47-3.2),0),IF($B47="高二",MIN(IF($E47="男",$Q47-3.25,$Q47-3.22),0),IF($B47="高一",MIN(IF($E47="男",$Q47-3.3,$Q47-3.24),0))))+0.4,IF($B47="高三",MIN(IF($E47="男",$Q47-3.2,$Q47-3.2),0),IF($B47="高二",MIN(IF($E47="男",$Q47-3.25,$Q47-3.22),0),IF($B47="高一",MIN(IF($E47="男",$Q47-3.3,$Q47-3.24),0))))),2) -> 0 | T47: =IF(E47="男",LOOKUP($S47,[1]对照表!$AB$3:$AB$13,[1]对照表!$AC$3:$AC$13),LOOKUP($S47,[1]对照表!$AB$15:$AB$25,[1]对照表!$AC$15:$AC$25)) -> 0 | U47: =R47+T47 -> 76 | V47: =SUM(I47,K47,M47)/3*0.3+SUM(G47,R47)/2*0.4 -> 57.3 | W47: =O47+T47 -> 3 | X47: =V47/0.7+W47 -> 84.857143 | Y47: 84.857143
A48: 48 | B48: 高一 | C48: 101 | D48: 姚雨宸 | E48: 女 | F48: 9.39 | G48: =IF(B48="高三",IF($E48="男",LOOKUP(F48,[1]对照表!$G$3:$G$24,[1]对照表!$H$3:$H$24),LOOKUP(F48,[1]对照表!$G$27:$G$48,[1]对照表!$H$27:$H$48)),IF(B48="高二",IF($E48="男",LOOKUP(F48,[1]对照表!$F$3:$F$24,[1]对照表!$H$3:$H$24),LOOKUP(F48,[1]对照表!$F$27:$F$48,[1]对照表!$H$27:$H$48)),IF(B48="高一",IF($E48="男",LOOKUP(F48,[1]对照表!$E$3:$E$24,[1]对照表!$H$3:$H$24),LOOKUP(F48,[1]对照表!$E$27:$E$48,[1]对照表!$H$27:$H$48))))) -> 72 | H48: 22.5 | I48: =IF(B48="高三",IF($E48="男",LOOKUP(H48,[1]对照表!$K$3:$K$24,[1]对照表!$L$3:$L$24),LOOKUP(H48,[1]对照表!$K$27:$K$48,[1]对照表!$L$27:$L$48)),IF(B48="高二",IF($E48="男",LOOKUP(H48,[1]对照表!$J$3:$J$24,[1]对照表!$L$3:$L$24),LOOKUP(H48,[1]对照表!$J$27:$J$48,[1]对照表!$L$27:$L$48)),IF(B48="高一",IF($E48="男",LOOKUP(H48,[1]对照表!$I$3:$I$24,[1]对照表!$L$3:$L$24),LOOKUP(H48,[1]对照表!$I$27:$I$48,[1]对照表!$L$27:$L$48))))) -> 95 | J48: 177 | K48: =IF(B48="高三",IF($E48="男",LOOKUP(J48,[1]对照表!$O$3:$O$24,[1]对照表!$P$3:$P$24),LOOKUP(J48,[1]对照表!$O$27:$O$48,[1]对照表!$P$27:$P$48)),IF(B48="高二",IF($E48="男",LOOKUP(J48,[1]对照表!$N$3:$N$24,[1]对照表!$P$3:$P$24),LOOKUP(J48,[1]对照表!$N$27:$N$48,[1]对照表!$P$27:$P$48)),IF(B48="高一",IF($E48="男",LOOKUP(J48,[1]对照表!$M$3:$M$24,[1]对照表!$P$3:$P$24),LOOKUP(J48,[1]对照表!$M$27:$M$48,[1]对照表!$P$27:$P$48))))) -> 78 | L48: 44 | M48: =IF(B48="高三",IF($E48="男",LOOKUP(L48,[1]对照表!$S$3:$S$24,[1]对照表!$T$3:$T$24),LOOKUP(L48,[1]对照表!$S$27:$S$48,[1]对照表!$T$27:$T$48)),IF(B48="高二",IF($E48="男",LOOKUP(L48,[1]对照表!$R$3:$R$24,[1]对照表!$T$3:$T$24),LOOKUP(L48,[1]对照表!$R$27:$R$48,[1]对照表!$T$27:$T$48)),IF(B48="高一",IF($E48="男",LOOKUP(L48,[1]对照表!$Q$3:$Q$24,[1]对照表!$T$3:$T$24),LOOKUP(L48,[1]对照表!$Q$27:$Q$48,[1]对照表!$T$27:$T$48))))) -> 80 | N48: =IF(B48="高三",MAX(IF(E48="男",L48-18,L48-55),0),IF(B48="高二",MAX(IF(E48="男",L48-17,L48-54),0),IF(B48="高一",MAX(IF(E48="男",L48-16,L48-53),0)))) -> 0 | O48: =IF(E48="男",LOOKUP($N48,[1]对照表!$Z$3:$Z$13,[1]对照表!$AA$3:$AA$13),LOOKUP($N48,[1]对照表!$Z$15:$Z$25,[1]对照表!$AA$15:$AA$25)) -> 0 | P48: =M48+O48 -> 80 | Q48: 4.06 | R48: =IF(B48="高三",IF($E48="男",LOOKUP(Q48,[1]对照表!$W$3:$W$24,[1]对照表!$X$3:$X$24),LOOKUP(Q48,[1]对照表!$W$27:$W$48,[1]对照表!$X$27:$X$48)),IF(B48="高二",IF($E48="男",LOOKUP(Q48,[1]对照表!$V$3:$V$24,[1]对照表!$X$3:$X$24),LOOKUP(Q48,[1]对照表!$V$27:$V$48,[1]对照表!$X$27:$X$48)),IF(B48="高一",IF($E48="男",LOOKUP(Q48,[1]对照表!$U$3:$U$24,[1]对照表!$X$3:$X$24),LOOKUP(Q48,[1]对照表!$U$27:$U$48,[1]对照表!$X$27:$X$48))))) -> 72 | S48: =ROUND(IF(IF($B48="高三",MIN(IF($E48="男",$Q48-3.2,$Q48-3.2),0),IF($B48="高二",MIN(IF($E48="男",$Q48-3.25,$Q48-3.22),0),IF($B48="高一",MIN(IF($E48="男",$Q48-3.3,$Q48-3.24),0))))<-0.6,IF($B48="高三",MIN(IF($E48="男",$Q48-3.2,$Q48-3.2),0),IF($B48="高二",MIN(IF($E48="男",$Q48-3.25,$Q48-3.22),0),IF($B48="高一",MIN(IF($E48="男",$Q48-3.3,$Q48-3.24),0))))+0.4,IF($B48="高三",MIN(IF($E48="男",$Q48-3.2,$Q48-3.2),0),IF($B48="高二",MIN(IF($E48="男",$Q48-3.25,$Q48-3.22),0),IF($B48="高一",MIN(IF($E48="男",$Q48-3.3,$Q48-3.24),0))))),2) -> 0 | T48: =IF(E48="男",LOOKUP($S48,[1]对照表!$AB$3:$AB$13,[1]对照表!$AC$3:$AC$13),LOOKUP($S48,[1]对照表!$AB$15:$AB$25,[1]对照表!$AC$15:$AC$25)) -> 0 | U48: =R48+T48 -> 72 | V48: =SUM(I48,K48,M48)/3*0.3+SUM(G48,R48)/2*0.4 -> 54.1 | W48: =O48+T48 -> 0 | X48: =V48/0.7+W48 -> 77.285714 | Y48: 77.285714
A49: 44 | B49: 高一 | C49: 101 | D49: 钱泽萌 | E49: 女 | F49: 10.05 | G49: =IF(B49="高三",IF($E49="男",LOOKUP(F49,[1]对照表!$G$3:$G$24,[1]对照表!$H$3:$H$24),LOOKUP(F49,[1]对照表!$G$27:$G$48,[1]对照表!$H$27:$H$48)),IF(B49="高二",IF($E49="男",LOOKUP(F49,[1]对照表!$F$3:$F$24,[1]对照表!$H$3:$H$24),LOOKUP(F49,[1]对照表!$F$27:$F$48,[1]对照表!$H$27:$H$48)),IF(B49="高一",IF($E49="男",LOOKUP(F49,[1]对照表!$E$3:$E$24,[1]对照表!$H$3:$H$24),LOOKUP(F49,[1]对照表!$E$27:$E$48,[1]对照表!$H$27:$H$48))))) -> 64 | H49: 23.5 | I49: =IF(B49="高三",IF($E49="男",LOOKUP(H49,[1]对照表!$K$3:$K$24,[1]对照表!$L$3:$L$24),LOOKUP(H49,[1]对照表!$K$27:$K$48,[1]对照表!$L$27:$L$48)),IF(B49="高二",IF($E49="男",LOOKUP(H49,[1]对照表!$J$3:$J$24,[1]对照表!$L$3:$L$24),LOOKUP(H49,[1]对照表!$J$27:$J$48,[1]对照表!$L$27:$L$48)),IF(B49="高一",IF($E49="男",LOOKUP(H49,[1]对照表!$I$3:$I$24,[1]对照表!$L$3:$L$24),LOOKUP(H49,[1]对照表!$I$27:$I$48,[1]对照表!$L$27:$L$48))))) -> 95 | J49: 155 | K49: =IF(B49="高三",IF($E49="男",LOOKUP(J49,[1]对照表!$O$3:$O$24,[1]对照表!$P$3:$P$24),LOOKUP(J49,[1]对照表!$O$27:$O$48,[1]对照表!$P$27:$P$48)),IF(B49="高二",IF($E49="男",LOOKUP(J49,[1]对照表!$N$3:$N$24,[1]对照表!$P$3:$P$24),LOOKUP(J49,[1]对照表!$N$27:$N$48,[1]对照表!$P$27:$P$48)),IF(B49="高一",IF($E49="男",LOOKUP(J49,[1]对照表!$M$3:$M$24,[1]对照表!$P$3:$P$24),LOOKUP(J49,[1]对照表!$M$27:$M$48,[1]对照表!$P$27:$P$48))))) -> 64 | L49: 50 | M49: =IF(B49="高三",IF($E49="男",LOOKUP(L49,[1]对照表!$S$3:$S$24,[1]对照表!$T$3:$T$24),LOOKUP(L49,[1]对照表!$S$27:$S$48,[1]对照表!$T$27:$T$48)),IF(B49="高二",IF($E49="男",LOOKUP(L49,[1]对照表!$R$3:$R$24,[1]对照表!$T$3:$T$24),LOOKUP(L49,[1]对照表!$R$27:$R$48,[1]对照表!$T$27:$T$48)),IF(B49="高一",IF($E49="男",LOOKUP(L49,[1]对照表!$Q$3:$Q$24,[1]对照表!$T$3:$T$24),LOOKUP(L49,[1]对照表!$Q$27:$Q$48,[1]对照表!$T$27:$T$48))))) -> 90 | N49: =IF(B49="高三",MAX(IF(E49="男",L49-18,L49-55),0),IF(B49="高二",MAX(IF(E49="男",L49-17,L49-54),0),IF(B49="高一",MAX(IF(E49="男",L49-16,L49-53),0)))) -> 0 | O49: =IF(E49="男",LOOKUP($N49,[1]对照表!$Z$3:$Z$13,[1]对照表!$AA$3:$AA$13),LOOKUP($N49,[1]对照表!$Z$15:$Z$25,[1]对照表!$AA$15:$AA$25)) -> 0 | P49: =M49+O49 -> 90 | Q49: 4.08 | R49: =IF(B49="高三",IF($E49="男",LOOKUP(Q49,[1]对照表!$W$3:$W$24,[1]对照表!$X$3:$X$24),LOOKUP(Q49,[1]对照表!$W$27:$W$48,[1]对照表!$X$27:$X$48)),IF(B49="高二",IF($E49="男",LOOKUP(Q49,[1]对照表!$V$3:$V$24,[1]对照表!$X$3:$X$24),LOOKUP(Q49,[1]对照表!$V$27:$V$48,[1]对照表!$X$27:$X$48)),IF(B49="高一",IF($E49="男",LOOKUP(Q49,[1]对照表!$U$3:$U$24,[1]对照表!$X$3:$X$24),LOOKUP(Q49,[1]对照表!$U$27:$U$48,[1]对照表!$X$27:$X$48))))) -> 72 | S49: =ROUND(IF(IF($B49="高三",MIN(IF($E49="男",$Q49-3.2,$Q49-3.2),0),IF($B49="高二",MIN(IF($E49="男",$Q49-3.25,$Q49-3.22),0),IF($B49="高一",MIN(IF($E49="男",$Q49-3.3,$Q49-3.24),0))))<-0.6,IF($B49="高三",MIN(IF($E49="男",$Q49-3.2,$Q49-3.2),0),IF($B49="高二",MIN(IF($E49="男",$Q49-3.25,$Q49-3.22),0),IF($B49="高一",MIN(IF($E49="男",$Q49-3.3,$Q49-3.24),0))))+0.4,IF($B49="高三",MIN(IF($E49="男",$Q49-3.2,$Q49-3.2),0),IF($B49="高二",MIN(IF($E49="男",$Q49-3.25,$Q49-3.22),0),IF($B49="高一",MIN(IF($E49="男",$Q49-3.3,$Q49-3.24),0))))),2) -> 0 | T49: =IF(E49="男",LOOKUP($S49,[1]对照表!$AB$3:$AB$13,[1]对照表!$AC$3:$AC$13),LOOKUP($S49,[1]对照表!$AB$15:$AB$25,[1]对照表!$AC$15:$AC$25)) -> 0 | U49: =R49+T49 -> 72 | V49: =SUM(I49,K49,M49)/3*0.3+SUM(G49,R49)/2*0.4 -> 52.1 | W49: =O49+T49 -> 0 | X49: =V49/0.7+W49 -> 74.428571 | Y49: 74.428571
A50: 8 | B50: 高一 | C50: 102 | D50: 范玉祥 | E50: 男 | G50: 0 | I50: 0 | K50: 0 | M50: 0 | N50: 0 | O50: =IF(E50="男",LOOKUP($N50,[1]对照表!$Z$3:$Z$13,[1]对照表!$AA$3:$AA$13),LOOKUP($N50,[1]对照表!$Z$15:$Z$25,[1]对照表!$AA$15:$AA$25)) -> 0 | P50: =M50+O50 -> 0 | R50: 0 | S50: 0 | T50: =IF(E50="男",LOOKUP($S50,[1]对照表!$AB$3:$AB$13,[1]对照表!$AC$3:$AC$13),LOOKUP($S50,[1]对照表!$AB$15:$AB$25,[1]对照表!$AC$15:$AC$25)) -> 0 | U50: =R50+T50 -> 0 | V50: =SUM(I50,K50,M50)/3*0.3+SUM(G50,R50)/2*0.4 -> 0 | W50: =O50+T50 -> 0 | X50: =V50/0.7+W50 -> 0 | Y50: / | Z50: 人不在
A51: 20 | B51: 高一 | C51: 102 | D51: 陆奔 | E51: 男 | F51: 6.4 | G51: =IF(B51="高三",IF($E51="男",LOOKUP(F51,[1]对照表!$G$3:$G$24,[1]对照表!$H$3:$H$24),LOOKUP(F51,[1]对照表!$G$27:$G$48,[1]对照表!$H$27:$H$48)),IF(B51="高二",IF($E51="男",LOOKUP(F51,[1]对照表!$F$3:$F$24,[1]对照表!$H$3:$H$24),LOOKUP(F51,[1]对照表!$F$27:$F$48,[1]对照表!$H$27:$H$48)),IF(B51="高一",IF($E51="男",LOOKUP(F51,[1]对照表!$E$3:$E$24,[1]对照表!$H$3:$H$24),LOOKUP(F51,[1]对照表!$E$27:$E$48,[1]对照表!$H$27:$H$48))))) -> 100 | H51: 16 | I51: =IF(B51="高三",IF($E51="男",LOOKUP(H51,[1]对照表!$K$3:$K$24,[1]对照表!$L$3:$L$24),LOOKUP(H51,[1]对照表!$K$27:$K$48,[1]对照表!$L$27:$L$48)),IF(B51="高二",IF($E51="男",LOOKUP(H51,[1]对照表!$J$3:$J$24,[1]对照表!$L$3:$L$24),LOOKUP(H51,[1]对照表!$J$27:$J$48,[1]对照表!$L$27:$L$48)),IF(B51="高一",IF($E51="男",LOOKUP(H51,[1]对照表!$I$3:$I$24,[1]对照表!$L$3:$L$24),LOOKUP(H51,[1]对照表!$I$27:$I$48,[1]对照表!$L$27:$L$48))))) -> 80 | J51: 245 | K51: =IF(B51="高三",IF($E51="男",LOOKUP(J51,[1]对照表!$O$3:$O$24,[1]对照表!$P$3:$P$24),LOOKUP(J51,[1]对照表!$O$27:$O$48,[1]对照表!$P$27:$P$48)),IF(B51="高二",IF($E51="男",LOOKUP(J51,[1]对照表!$N$3:$N$24,[1]对照表!$P$3:$P$24),LOOKUP(J51,[1]对照表!$N$27:$N$48,[1]对照表!$P$27:$P$48)),IF(B51="高一",IF($E51="男",LOOKUP(J51,[1]对照表!$M$3:$M$24,[1]对照表!$P$3:$P$24),LOOKUP(J51,[1]对照表!$M$27:$M$48,[1]对照表!$P$27:$P$48))))) -> 85 | L51: 24 | M51: =IF(B51="高三",IF($E51="男",LOOKUP(L51,[1]对照表!$S$3:$S$24,[1]对照表!$T$3:$T$24),LOOKUP(L51,[1]对照表!$S$27:$S$48,[1]对照表!$T$27:$T$48)),IF(B51="高二",IF($E51="男",LOOKUP(L51,[1]对照表!$R$3:$R$24,[1]对照表!$T$3:$T$24),LOOKUP(L51,[1]对照表!$R$27:$R$48,[1]对照表!$T$27:$T$48)),IF(B51="高一",IF($E51="男",LOOKUP(L51,[1]对照表!$Q$3:$Q$24,[1]对照表!$T$3:$T$24),LOOKUP(L51,[1]对照表!$Q$27:$Q$48,[1]对照表!$T$27:$T$48))))) -> 100 | N51: =IF(B51="高三",MAX(IF(E51="男",L51-18,L51-55),0),IF(B51="高二",MAX(IF(E51="男",L51-17,L51-54),0),IF(B51="高一",MAX(IF(E51="男",L51-16,L51-53),0)))) -> 8 | O51: =IF(E51="男",LOOKUP($N51,[1]对照表!$Z$3:$Z$13,[1]对照表!$AA$3:$AA$13),LOOKUP($N51,[1]对照表!$Z$15:$Z$25,[1]对照表!$AA$15:$AA$25)) -> 8 | P51: =M51+O51 -> 108 | Q51: 3.2 | R51: =IF(B51="高三",IF($E51="男",LOOKUP(Q51,[1]对照表!$W$3:$W$24,[1]对照表!$X$3:$X$24),LOOKUP(Q51,[1]对照表!$W$27:$W$48,[1]对照表!$X$27:$X$48)),IF(B51="高二",IF($E51="男",LOOKUP(Q51,[1]对照表!$V$3:$V$24,[1]对照表!$X$3:$X$24),LOOKUP(Q51,[1]对照表!$V$27:$V$48,[1]对照表!$X$27:$X$48)),IF(B51="高一",IF($E51="男",LOOKUP(Q51,[1]对照表!$U$3:$U$24,[1]对照表!$X$3:$X$24),LOOKUP(Q51,[1]对照表!$U$27:$U$48,[1]对照表!$X$27:$X$48))))) -> 100 | S51: =ROUND(IF(IF($B51="高三",MIN(IF($E51="男",$Q51-3.2,$Q51-3.2),0),IF($B51="高二",MIN(IF($E51="男",$Q51-3.25,$Q51-3.22),0),IF($B51="高一",MIN(IF($E51="男",$Q51-3.3,$Q51-3.24),0))))<-0.6,IF($B51="高三",MIN(IF($E51="男",$Q51-3.2,$Q51-3.2),0),IF($B51="高二",MIN(IF($E51="男",$Q51-3.25,$Q51-3.22),0),IF($B51="高一",MIN(IF($E51="男",$Q51-3.3,$Q51-3.24),0))))+0.4,IF($B51="高三",MIN(IF($E51="男",$Q51-3.2,$Q51-3.2),0),IF($B51="高二",MIN(IF($E51="男",$Q51-3.25,$Q51-3.22),0),IF($B51="高一",MIN(IF($E51="男",$Q51-3.3,$Q51-3.24),0))))),2) -> -0.1 | T51: =IF(E51="男",LOOKUP($S51,[1]对照表!$AB$3:$AB$13,[1]对照表!$AC$3:$AC$13),LOOKUP($S51,[1]对照表!$AB$15:$AB$25,[1]对照表!$AC$15:$AC$25)) -> 2 | U51: =R51+T51 -> 102 | V51: =SUM(I51,K51,M51)/3*0.3+SUM(G51,R51)/2*0.4 -> 66.5 | W51: =O51+T51 -> 10 | X51: =V51/0.7+W51 -> 105 | Y51: 105
A52: 21 | B52: 高一 | C52: 102 | D52: 孟潇炀 | E52: 男 | F52: 7 | G52: =IF(B52="高三",IF($E52="男",LOOKUP(F52,[1]对照表!$G$3:$G$24,[1]对照表!$H$3:$H$24),LOOKUP(F52,[1]对照表!$G$27:$G$48,[1]对照表!$H$27:$H$48)),IF(B52="高二",IF($E52="男",LOOKUP(F52,[1]对照表!$F$3:$F$24,[1]对照表!$H$3:$H$24),LOOKUP(F52,[1]对照表!$F$27:$F$48,[1]对照表!$H$27:$H$48)),IF(B52="高一",IF($E52="男",LOOKUP(F52,[1]对照表!$E$3:$E$24,[1]对照表!$H$3:$H$24),LOOKUP(F52,[1]对照表!$E$27:$E$48,[1]对照表!$H$27:$H$48))))) -> 100 | H52: 11.5 | I52: =IF(B52="高三",IF($E52="男",LOOKUP(H52,[1]对照表!$K$3:$K$24,[1]对照表!$L$3:$L$24),LOOKUP(H52,[1]对照表!$K$27:$K$48,[1]对照表!$L$27:$L$48)),IF(B52="高二",IF($E52="男",LOOKUP(H52,[1]对照表!$J$3:$J$24,[1]对照表!$L$3:$L$24),LOOKUP(H52,[1]对照表!$J$27:$J$48,[1]对照表!$L$27:$L$48)),IF(B52="高一",IF($E52="男",LOOKUP(H52,[1]对照表!$I$3:$I$24,[1]对照表!$L$3:$L$24),LOOKUP(H52,[1]对照表!$I$27:$I$48,[1]对照表!$L$27:$L$48))))) -> 74 | J52: 246 | K52: =IF(B52="高三",IF($E52="男",LOOKUP(J52,[1]对照表!$O$3:$O$24,[1]对照表!$P$3:$P$24),LOOKUP(J52,[1]对照表!$O$27:$O$48,[1]对照表!$P$27:$P$48)),IF(B52="高二",IF($E52="男",LOOKUP(J52,[1]对照表!$N$3:$N$24,[1]对照表!$P$3:$P$24),LOOKUP(J52,[1]对照表!$N$27:$N$48,[1]对照表!$P$27:$P$48)),IF(B52="高一",IF($E52="男",LOOKUP(J52,[1]对照表!$M$3:$M$24,[1]对照表!$P$3:$P$24),LOOKUP(J52,[1]对照表!$M$27:$M$48,[1]对照表!$P$27:$P$48))))) -> 85 | L52: 21 | M52: =IF(B52="高三",IF($E52="男",LOOKUP(L52,[1]对照表!$S$3:$S$24,[1]对照表!$T$3:$T$24),LOOKUP(L52,[1]对照表!$S$27:$S$48,[1]对照表!$T$27:$T$48)),IF(B52="高二",IF($E52="男",LOOKUP(L52,[1]对照表!$R$3:$R$24,[1]对照表!$T$3:$T$24),LOOKUP(L52,[1]对照表!$R$27:$R$48,[1]对照表!$T$27:$T$48)),IF(B52="高一",IF($E52="男",LOOKUP(L52,[1]对照表!$Q$3:$Q$24,[1]对照表!$T$3:$T$24),LOOKUP(L52,[1]对照表!$Q$27:$Q$48,[1]对照表!$T$27:$T$48))))) -> 100 | N52: =IF(B52="高三",MAX(IF(E52="男",L52-18,L52-55),0),IF(B52="高二",MAX(IF(E52="男",L52-17,L52-54),0),IF(B52="高一",MAX(IF(E52="男",L52-16,L52-53),0)))) -> 5 | O52: =IF(E52="男",LOOKUP($N52,[1]对照表!$Z$3:$Z$13,[1]对照表!$AA$3:$AA$13),LOOKUP($N52,[1]对照表!$Z$15:$Z$25,[1]对照表!$AA$15:$AA$25)) -> 5 | P52: =M52+O52 -> 105 | Q52: 3.3 | R52: =IF(B52="高三",IF($E52="男",LOOKUP(Q52,[1]对照表!$W$3:$W$24,[1]对照表!$X$3:$X$24),LOOKUP(Q52,[1]对照表!$W$27:$W$48,[1]对照表!$X$27:$X$48)),IF(B52="高二",IF($E52="男",LOOKUP(Q52,[1]对照表!$V$3:$V$24,[1]对照表!$X$3:$X$24),LOOKUP(Q52,[1]对照表!$V$27:$V$48,[1]对照表!$X$27:$X$48)),IF(B52="高一",IF($E52="男",LOOKUP(Q52,[1]对照表!$U$3:$U$24,[1]对照表!$X$3:$X$24),LOOKUP(Q52,[1]对照表!$U$27:$U$48,[1]对照表!$X$27:$X$48))))) -> 100 | S52: =ROUND(IF(IF($B52="高三",MIN(IF($E52="男",$Q52-3.2,$Q52-3.2),0),IF($B52="高二",MIN(IF($E52="男",$Q52-3.25,$Q52-3.22),0),IF($B52="高一",MIN(IF($E52="男",$Q52-3.3,$Q52-3.24),0))))<-0.6,IF($B52="高三",MIN(IF($E52="男",$Q52-3.2,$Q52-3.2),0),IF($B52="高二",MIN(IF($E52="男",$Q52-3.25,$Q52-3.22),0),IF($B52="高一",MIN(IF($E52="男",$Q52-3.3,$Q52-3.24),0))))+0.4,IF($B52="高三",MIN(IF($E52="男",$Q52-3.2,$Q52-3.2),0),IF($B52="高二",MIN(IF($E52="男",$Q52-3.25,$Q52-3.22),0),IF($B52="高一",MIN(IF($E52="男",$Q52-3.3,$Q52-3.24),0))))),2) -> 0 | T52: =IF(E52="男",LOOKUP($S52,[1]对照表!$AB$3:$AB$13,[1]对照表!$AC$3:$AC$13),LOOKUP($S52,[1]对照表!$AB$15:$AB$25,[1]对照表!$AC$15:$AC$25)) -> 0 | U52: =R52+T52 -> 100 | V52: =SUM(I52,K52,M52)/3*0.3+SUM(G52,R52)/2*0.4 -> 65.9 | W52: =O52+T52 -> 5 | X52: =V52/0.7+W52 -> 99.142857 | Y52: 99.142857
A53: 30 | B53: 高一 | C53: 102 | D53: 严之宸 | E53: 男 | F53: 7.1 | G53: =IF(B53="高三",IF($E53="男",LOOKUP(F53,[1]对照表!$G$3:$G$24,[1]对照表!$H$3:$H$24),LOOKUP(F53,[1]对照表!$G$27:$G$48,[1]对照表!$H$27:$H$48)),IF(B53="高二",IF($E53="男",LOOKUP(F53,[1]对照表!$F$3:$F$24,[1]对照表!$H$3:$H$24),LOOKUP(F53,[1]对照表!$F$27:$F$48,[1]对照表!$H$27:$H$48)),IF(B53="高一",IF($E53="男",LOOKUP(F53,[1]对照表!$E$3:$E$24,[1]对照表!$H$3:$H$24),LOOKUP(F53,[1]对照表!$E$27:$E$48,[1]对照表!$H$27:$H$48))))) -> 100 | H53: 18 | I53: =IF(B53="高三",IF($E53="男",LOOKUP(H53,[1]对照表!$K$3:$K$24,[1]对照表!$L$3:$L$24),LOOKUP(H53,[1]对照表!$K$27:$K$48,[1]对照表!$L$27:$L$48)),IF(B53="高二",IF($E53="男",LOOKUP(H53,[1]对照表!$J$3:$J$24,[1]对照表!$L$3:$L$24),LOOKUP(H53,[1]对照表!$J$27:$J$48,[1]对照表!$L$27:$L$48)),IF(B53="高一",IF($E53="男",LOOKUP(H53,[1]对照表!$I$3:$I$24,[1]对照表!$L$3:$L$24),LOOKUP(H53,[1]对照表!$I$27:$I$48,[1]对照表!$L$27:$L$48))))) -> 85 | J53: 257 | K53: =IF(B53="高三",IF($E53="男",LOOKUP(J53,[1]对照表!$O$3:$O$24,[1]对照表!$P$3:$P$24),LOOKUP(J53,[1]对照表!$O$27:$O$48,[1]对照表!$P$27:$P$48)),IF(B53="高二",IF($E53="男",LOOKUP(J53,[1]对照表!$N$3:$N$24,[1]对照表!$P$3:$P$24),LOOKUP(J53,[1]对照表!$N$27:$N$48,[1]对照表!$P$27:$P$48)),IF(B53="高一",IF($E53="男",LOOKUP(J53,[1]对照表!$M$3:$M$24,[1]对照表!$P$3:$P$24),LOOKUP(J53,[1]对照表!$M$27:$M$48,[1]对照表!$P$27:$P$48))))) -> 95 | L53: 26 | M53: =IF(B53="高三",IF($E53="男",LOOKUP(L53,[1]对照表!$S$3:$S$24,[1]对照表!$T$3:$T$24),LOOKUP(L53,[1]对照表!$S$27:$S$48,[1]对照表!$T$27:$T$48)),IF(B53="高二",IF($E53="男",LOOKUP(L53,[1]对照表!$R$3:$R$24,[1]对照表!$T$3:$T$24),LOOKUP(L53,[1]对照表!$R$27:$R$48,[1]对照表!$T$27:$T$48)),IF(B53="高一",IF($E53="男",LOOKUP(L53,[1]对照表!$Q$3:$Q$24,[1]对照表!$T$3:$T$24),LOOKUP(L53,[1]对照表!$Q$27:$Q$48,[1]对照表!$T$27:$T$48))))) -> 100 | N53: =IF(B53="高三",MAX(IF(E53="男",L53-18,L53-55),0),IF(B53="高二",MAX(IF(E53="男",L53-17,L53-54),0),IF(B53="高一",MAX(IF(E53="男",L53-16,L53-53),0)))) -> 10 | O53: =IF(E53="男",LOOKUP($N53,[1]对照表!$Z$3:$Z$13,[1]对照表!$AA$3:$AA$13),LOOKUP($N53,[1]对照表!$Z$15:$Z$25,[1]对照表!$AA$15:$AA$25)) -> 10 | P53: =M53+O53 -> 110 | Q53: 4.13 | R53: =IF(B53="高三",IF($E53="男",LOOKUP(Q53,[1]对照表!$W$3:$W$24,[1]对照表!$X$3:$X$24),LOOKUP(Q53,[1]对照表!$W$27:$W$48,[1]对照表!$X$27:$X$48)),IF(B53="高二",IF($E53="男",LOOKUP(Q53,[1]对照表!$V$3:$V$24,[1]对照表!$X$3:$X$24),LOOKUP(Q53,[1]对照表!$V$27:$V$48,[1]对照表!$X$27:$X$48)),IF(B53="高一",IF($E53="男",LOOKUP(Q53,[1]对照表!$U$3:$U$24,[1]对照表!$X$3:$X$24),LOOKUP(Q53,[1]对照表!$U$27:$U$48,[1]对照表!$X$27:$X$48))))) -> 72 | S53: =ROUND(IF(IF($B53="高三",MIN(IF($E53="男",$Q53-3.2,$Q53-3.2),0),IF($B53="高二",MIN(IF($E53="男",$Q53-3.25,$Q53-3.22),0),IF($B53="高一",MIN(IF($E53="男",$Q53-3.3,$Q53-3.24),0))))<-0.6,IF($B53="高三",MIN(IF($E53="男",$Q53-3.2,$Q53-3.2),0),IF($B53="高二",MIN(IF($E53="男",$Q53-3.25,$Q53-3.22),0),IF($B53="高一",MIN(IF($E53="男",$Q53-3.3,$Q53-3.24),0))))+0.4,IF($B53="高三",MIN(IF($E53="男",$Q53-3.2,$Q53-3.2),0),IF($B53="高二",MIN(IF($E53="男",$Q53-3.25,$Q53-3.22),0),IF($B53="高一",MIN(IF($E53="男",$Q53-3.3,$Q53-3.24),0))))),2) -> 0 | T53: =IF(E53="男",LOOKUP($S53,[1]对照表!$AB$3:$AB$13,[1]对照表!$AC$3:$AC$13),LOOKUP($S53,[1]对照表!$AB$15:$AB$25,[1]对照表!$AC$15:$AC$25)) -> 0 | U53: =R53+T53 -> 72 | V53: =SUM(I53,K53,M53)/3*0.3+SUM(G53,R53)/2*0.4 -> 62.4 | W53: =O53+T53 -> 10 | X53: =V53/0.7+W53 -> 99.142857 | Y53: 99.142857
A54: 35 | B54: 高一 | C54: 102 | D54: 郑胡赢 | E54: 男 | F54: 7 | G54: =IF(B54="高三",IF($E54="男",LOOKUP(F54,[1]对照表!$G$3:$G$24,[1]对照表!$H$3:$H$24),LOOKUP(F54,[1]对照表!$G$27:$G$48,[1]对照表!$H$27:$H$48)),IF(B54="高二",IF($E54="男",LOOKUP(F54,[1]对照表!$F$3:$F$24,[1]对照表!$H$3:$H$24),LOOKUP(F54,[1]对照表!$F$27:$F$48,[1]对照表!$H$27:$H$48)),IF(B54="高一",IF($E54="男",LOOKUP(F54,[1]对照表!$E$3:$E$24,[1]对照表!$H$3:$H$24),LOOKUP(F54,[1]对照表!$E$27:$E$48,[1]对照表!$H$27:$H$48))))) -> 100 | H54: 21.7 | I54: =IF(B54="高三",IF($E54="男",LOOKUP(H54,[1]对照表!$K$3:$K$24,[1]对照表!$L$3:$L$24),LOOKUP(H54,[1]对照表!$K$27:$K$48,[1]对照表!$L$27:$L$48)),IF(B54="高二",IF($E54="男",LOOKUP(H54,[1]对照表!$J$3:$J$24,[1]对照表!$L$3:$L$24),LOOKUP(H54,[1]对照表!$J$27:$J$48,[1]对照表!$L$27:$L$48)),IF(B54="高一",IF($E54="男",LOOKUP(H54,[1]对照表!$I$3:$I$24,[1]对照表!$L$3:$L$24),LOOKUP(H54,[1]对照表!$I$27:$I$48,[1]对照表!$L$27:$L$48))))) -> 95 | J54: 241 | K54: =IF(B54="高三",IF($E54="男",LOOKUP(J54,[1]对照表!$O$3:$O$24,[1]对照表!$P$3:$P$24),LOOKUP(J54,[1]对照表!$O$27:$O$48,[1]对照表!$P$27:$P$48)),IF(B54="高二",IF($E54="男",LOOKUP(J54,[1]对照表!$N$3:$N$24,[1]对照表!$P$3:$P$24),LOOKUP(J54,[1]对照表!$N$27:$N$48,[1]对照表!$P$27:$P$48)),IF(B54="高一",IF($E54="男",LOOKUP(J54,[1]对照表!$M$3:$M$24,[1]对照表!$P$3:$P$24),LOOKUP(J54,[1]对照表!$M$27:$M$48,[1]对照表!$P$27:$P$48))))) -> 80 | L54: 20 | M54: =IF(B54="高三",IF($E54="男",LOOKUP(L54,[1]对照表!$S$3:$S$24,[1]对照表!$T$3:$T$24),LOOKUP(L54,[1]对照表!$S$27:$S$48,[1]对照表!$T$27:$T$48)),IF(B54="高二",IF($E54="男",LOOKUP(L54,[1]对照表!$R$3:$R$24,[1]对照表!$T$3:$T$24),LOOKUP(L54,[1]对照表!$R$27:$R$48,[1]对照表!$T$27:$T$48)),IF(B54="高一",IF($E54="男",LOOKUP(L54,[1]对照表!$Q$3:$Q$24,[1]对照表!$T$3:$T$24),LOOKUP(L54,[1]对照表!$Q$27:$Q$48,[1]对照表!$T$27:$T$48))))) -> 100 | N54: =IF(B54="高三",MAX(IF(E54="男",L54-18,L54-55),0),IF(B54="高二",MAX(IF(E54="男",L54-17,L54-54),0),IF(B54="高一",MAX(IF(E54="男",L54-16,L54-53),0)))) -> 4 | O54: =IF(E54="男",LOOKUP($N54,[1]对照表!$Z$3:$Z$13,[1]对照表!$AA$3:$AA$13),LOOKUP($N54,[1]对照表!$Z$15:$Z$25,[1]对照表!$AA$15:$AA$25)) -> 4 | P54: =M54+O54 -> 104 | Q54: 3.31 | R54: =IF(B54="高三",IF($E54="男",LOOKUP(Q54,[1]对照表!$W$3:$W$24,[1]对照表!$X$3:$X$24),LOOKUP(Q54,[1]对照表!$W$27:$W$48,[1]对照表!$X$27:$X$48)),IF(B54="高二",IF($E54="男",LOOKUP(Q54,[1]对照表!$V$3:$V$24,[1]对照表!$X$3:$X$24),LOOKUP(Q54,[1]对照表!$V$27:$V$48,[1]对照表!$X$27:$X$48)),IF(B54="高一",IF($E54="男",LOOKUP(Q54,[1]对照表!$U$3:$U$24,[1]对照表!$X$3:$X$24),LOOKUP(Q54,[1]对照表!$U$27:$U$48,[1]对照表!$X$27:$X$48))))) -> 95 | S54: =ROUND(IF(IF($B54="高三",MIN(IF($E54="男",$Q54-3.2,$Q54-3.2),0),IF($B54="高二",MIN(IF($E54="男",$Q54-3.25,$Q54-3.22),0),IF($B54="高一",MIN(IF($E54="男",$Q54-3.3,$Q54-3.24),0))))<-0.6,IF($B54="高三",MIN(IF($E54="男",$Q54-3.2,$Q54-3.2),0),IF($B54="高二",MIN(IF($E54="男",$Q54-3.25,$Q54-3.22),0),IF($B54="高一",MIN(IF($E54="男",$Q54-3.3,$Q54-3.24),0))))+0.4,IF($B54="高三",MIN(IF($E54="男",$Q54-3.2,$Q54-3.2),0),IF($B54="高二",MIN(IF($E54="男",$Q54-3.25,$Q54-3.22),0),IF($B54="高一",MIN(IF($E54="男",$Q54-3.3,$Q54-3.24),0))))),2) -> 0 | T54: =IF(E54="男",LOOKUP($S54,[1]对照表!$AB$3:$AB$13,[1]对照表!$AC$3:$AC$13),LOOKUP($S54,[1]对照表!$AB$15:$AB$25,[1]对照表!$AC$15:$AC$25)) -> 0 | U54: =R54+T54 -> 95 | V54: =SUM(I54,K54,M54)/3*0.3+SUM(G54,R54)/2*0.4 -> 66.5 | W54: =O54+T54 -> 4 | X54: =V54/0.7+W54 -> 99 | Y54: 99
A55: 36 | B55: 高一 | C55: 102 | D55: 周孟昊 | E55: 男 | F55: 6.8 | G55: =IF(B55="高三",IF($E55="男",LOOKUP(F55,[1]对照表!$G$3:$G$24,[1]对照表!$H$3:$H$24),LOOKUP(F55,[1]对照表!$G$27:$G$48,[1]对照表!$H$27:$H$48)),IF(B55="高二",IF($E55="男",LOOKUP(F55,[1]对照表!$F$3:$F$24,[1]对照表!$H$3:$H$24),LOOKUP(F55,[1]对照表!$F$27:$F$48,[1]对照表!$H$27:$H$48)),IF(B55="高一",IF($E55="男",LOOKUP(F55,[1]对照表!$E$3:$E$24,[1]对照表!$H$3:$H$24),LOOKUP(F55,[1]对照表!$E$27:$E$48,[1]对照表!$H$27:$H$48))))) -> 100 | H55: 20 | I55: =IF(B55="高三",IF($E55="男",LOOKUP(H55,[1]对照表!$K$3:$K$24,[1]对照表!$L$3:$L$24),LOOKUP(H55,[1]对照表!$K$27:$K$48,[1]对照表!$L$27:$L$48)),IF(B55="高二",IF($E55="男",LOOKUP(H55,[1]对照表!$J$3:$J$24,[1]对照表!$L$3:$L$24),LOOKUP(H55,[1]对照表!$J$27:$J$48,[1]对照表!$L$27:$L$48)),IF(B55="高一",IF($E55="男",LOOKUP(H55,[1]对照表!$I$3:$I$24,[1]对照表!$L$3:$L$24),LOOKUP(H55,[1]对照表!$I$27:$I$48,[1]对照表!$L$27:$L$48))))) -> 90 | J55: 248 | K55: =IF(B55="高三",IF($E55="男",LOOKUP(J55,[1]对照表!$O$3:$O$24,[1]对照表!$P$3:$P$24),LOOKUP(J55,[1]对照表!$O$27:$O$48,[1]对照表!$P$27:$P$48)),IF(B55="高二",IF($E55="男",LOOKUP(J55,[1]对照表!$N$3:$N$24,[1]对照表!$P$3:$P$24),LOOKUP(J55,[1]对照表!$N$27:$N$48,[1]对照表!$P$27:$P$48)),IF(B55="高一",IF($E55="男",LOOKUP(J55,[1]对照表!$M$3:$M$24,[1]对照表!$P$3:$P$24),LOOKUP(J55,[1]对照表!$M$27:$M$48,[1]对照表!$P$27:$P$48))))) -> 85 | L55: 20 | M55: =IF(B55="高三",IF($E55="男",LOOKUP(L55,[1]对照表!$S$3:$S$24,[1]对照表!$T$3:$T$24),LOOKUP(L55,[1]对照表!$S$27:$S$48,[1]对照表!$T$27:$T$48)),IF(B55="高二",IF($E55="男",LOOKUP(L55,[1]对照表!$R$3:$R$24,[1]对照表!$T$3:$T$24),LOOKUP(L55,[1]对照表!$R$27:$R$48,[1]对照表!$T$27:$T$48)),IF(B55="高一",IF($E55="男",LOOKUP(L55,[1]对照表!$Q$3:$Q$24,[1]对照表!$T$3:$T$24),LOOKUP(L55,[1]对照表!$Q$27:$Q$48,[1]对照表!$T$27:$T$48))))) -> 100 | N55: =IF(B55="高三",MAX(IF(E55="男",L55-18,L55-55),0),IF(B55="高二",MAX(IF(E55="男",L55-17,L55-54),0),IF(B55="高一",MAX(IF(E55="男",L55-16,L55-53),0)))) -> 4 | O55: =IF(E55="男",LOOKUP($N55,[1]对照表!$Z$3:$Z$13,[1]对照表!$AA$3:$AA$13),LOOKUP($N55,[1]对照表!$Z$15:$Z$25,[1]对照表!$AA$15:$AA$25)) -> 4 | P55: =M55+O55 -> 104 | Q55: 3.35 | R55: =IF(B55="高三",IF($E55="男",LOOKUP(Q55,[1]对照表!$W$3:$W$24,[1]对照表!$X$3:$X$24),LOOKUP(Q55,[1]对照表!$W$27:$W$48,[1]对照表!$X$27:$X$48)),IF(B55="高二",IF($E55="男",LOOKUP(Q55,[1]对照表!$V$3:$V$24,[1]对照表!$X$3:$X$24),LOOKUP(Q55,[1]对照表!$V$27:$V$48,[1]对照表!$X$27:$X$48)),IF(B55="高一",IF($E55="男",LOOKUP(Q55,[1]对照表!$U$3:$U$24,[1]对照表!$X$3:$X$24),LOOKUP(Q55,[1]对照表!$U$27:$U$48,[1]对照表!$X$27:$X$48))))) -> 95 | S55: =ROUND(IF(IF($B55="高三",MIN(IF($E55="男",$Q55-3.2,$Q55-3.2),0),IF($B55="高二",MIN(IF($E55="男",$Q55-3.25,$Q55-3.22),0),IF($B55="高一",MIN(IF($E55="男",$Q55-3.3,$Q55-3.24),0))))<-0.6,IF($B55="高三",MIN(IF($E55="男",$Q55-3.2,$Q55-3.2),0),IF($B55="高二",MIN(IF($E55="男",$Q55-3.25,$Q55-3.22),0),IF($B55="高一",MIN(IF($E55="男",$Q55-3.3,$Q55-3.24),0))))+0.4,IF($B55="高三",MIN(IF($E55="男",$Q55-3.2,$Q55-3.2),0),IF($B55="高二",MIN(IF($E55="男",$Q55-3.25,$Q55-3.22),0),IF($B55="高一",MIN(IF($E55="男",$Q55-3.3,$Q55-3.24),0))))),2) -> 0 | T55: =IF(E55="男",LOOKUP($S55,[1]对照表!$AB$3:$AB$13,[1]对照表!$AC$3:$AC$13),LOOKUP($S55,[1]对照表!$AB$15:$AB$25,[1]对照表!$AC$15:$AC$25)) -> 0 | U55: =R55+T55 -> 95 | V55: =SUM(I55,K55,M55)/3*0.3+SUM(G55,R55)/2*0.4 -> 66.5 | W55: =O55+T55 -> 4 | X55: =V55/0.7+W55 -> 99 | Y55: 99
A56: 3 | B56: 高一 | C56: 102 | D56: 陈铭浩 | E56: 男 | F56: 7 | G56: =IF(B56="高三",IF($E56="男",LOOKUP(F56,[1]对照表!$G$3:$G$24,[1]对照表!$H$3:$H$24),LOOKUP(F56,[1]对照表!$G$27:$G$48,[1]对照表!$H$27:$H$48)),IF(B56="高二",IF($E56="男",LOOKUP(F56,[1]对照表!$F$3:$F$24,[1]对照表!$H$3:$H$24),LOOKUP(F56,[1]对照表!$F$27:$F$48,[1]对照表!$H$27:$H$48)),IF(B56="高一",IF($E56="男",LOOKUP(F56,[1]对照表!$E$3:$E$24,[1]对照表!$H$3:$H$24),LOOKUP(F56,[1]对照表!$E$27:$E$48,[1]对照表!$H$27:$H$48))))) -> 100 | H56: 14.5 | I56: =IF(B56="高三",IF($E56="男",LOOKUP(H56,[1]对照表!$K$3:$K$24,[1]对照表!$L$3:$L$24),LOOKUP(H56,[1]对照表!$K$27:$K$48,[1]对照表!$L$27:$L$48)),IF(B56="高二",IF($E56="男",LOOKUP(H56,[1]对照表!$J$3:$J$24,[1]对照表!$L$3:$L$24),LOOKUP(H56,[1]对照表!$J$27:$J$48,[1]对照表!$L$27:$L$48)),IF(B56="高一",IF($E56="男",LOOKUP(H56,[1]对照表!$I$3:$I$24,[1]对照表!$L$3:$L$24),LOOKUP(H56,[1]对照表!$I$27:$I$48,[1]对照表!$L$27:$L$48))))) -> 78 | J56: 247 | K56: =IF(B56="高三",IF($E56="男",LOOKUP(J56,[1]对照表!$O$3:$O$24,[1]对照表!$P$3:$P$24),LOOKUP(J56,[1]对照表!$O$27:$O$48,[1]对照表!$P$27:$P$48)),IF(B56="高二",IF($E56="男",LOOKUP(J56,[1]对照表!$N$3:$N$24,[1]对照表!$P$3:$P$24),LOOKUP(J56,[1]对照表!$N$27:$N$48,[1]对照表!$P$27:$P$48)),IF(B56="高一",IF($E56="男",LOOKUP(J56,[1]对照表!$M$3:$M$24,[1]对照表!$P$3:$P$24),LOOKUP(J56,[1]对照表!$M$27:$M$48,[1]对照表!$P$27:$P$48))))) -> 85 | L56: 21 | M56: =IF(B56="高三",IF($E56="男",LOOKUP(L56,[1]对照表!$S$3:$S$24,[1]对照表!$T$3:$T$24),LOOKUP(L56,[1]对照表!$S$27:$S$48,[1]对照表!$T$27:$T$48)),IF(B56="高二",IF($E56="男",LOOKUP(L56,[1]对照表!$R$3:$R$24,[1]对照表!$T$3:$T$24),LOOKUP(L56,[1]对照表!$R$27:$R$48,[1]对照表!$T$27:$T$48)),IF(B56="高一",IF($E56="男",LOOKUP(L56,[1]对照表!$Q$3:$Q$24,[1]对照表!$T$3:$T$24),LOOKUP(L56,[1]对照表!$Q$27:$Q$48,[1]对照表!$T$27:$T$48))))) -> 100 | N56: =IF(B56="高三",MAX(IF(E56="男",L56-18,L56-55),0),IF(B56="高二",MAX(IF(E56="男",L56-17,L56-54),0),IF(B56="高一",MAX(IF(E56="男",L56-16,L56-53),0)))) -> 5 | O56: =IF(E56="男",LOOKUP($N56,[1]对照表!$Z$3:$Z$13,[1]对照表!$AA$3:$AA$13),LOOKUP($N56,[1]对照表!$Z$15:$Z$25,[1]对照表!$AA$15:$AA$25)) -> 5 | P56: =M56+O56 -> 105 | Q56: 3.55 | R56: =IF(B56="高三",IF($E56="男",LOOKUP(Q56,[1]对照表!$W$3:$W$24,[1]对照表!$X$3:$X$24),LOOKUP(Q56,[1]对照表!$W$27:$W$48,[1]对照表!$X$27:$X$48)),IF(B56="高二",IF($E56="男",LOOKUP(Q56,[1]对照表!$V$3:$V$24,[1]对照表!$X$3:$X$24),LOOKUP(Q56,[1]对照表!$V$27:$V$48,[1]对照表!$X$27:$X$48)),IF(B56="高一",IF($E56="男",LOOKUP(Q56,[1]对照表!$U$3:$U$24,[1]对照表!$X$3:$X$24),LOOKUP(Q56,[1]对照表!$U$27:$U$48,[1]对照表!$X$27:$X$48))))) -> 80 | S56: =ROUND(IF(IF($B56="高三",MIN(IF($E56="男",$Q56-3.2,$Q56-3.2),0),IF($B56="高二",MIN(IF($E56="男",$Q56-3.25,$Q56-3.22),0),IF($B56="高一",MIN(IF($E56="男",$Q56-3.3,$Q56-3.24),0))))<-0.6,IF($B56="高三",MIN(IF($E56="男",$Q56-3.2,$Q56-3.2),0),IF($B56="高二",MIN(IF($E56="男",$Q56-3.25,$Q56-3.22),0),IF($B56="高一",MIN(IF($E56="男",$Q56-3.3,$Q56-3.24),0))))+0.4,IF($B56="高三",MIN(IF($E56="男",$Q56-3.2,$Q56-3.2),0),IF($B56="高二",MIN(IF($E56="男",$Q56-3.25,$Q56-3.22),0),IF($B56="高一",MIN(IF($E56="男",$Q56-3.3,$Q56-3.24),0))))),2) -> 0 | T56: =IF(E56="男",LOOKUP($S56,[1]对照表!$AB$3:$AB$13,[1]对照表!$AC$3:$AC$13),LOOKUP($S56,[1]对照表!$AB$15:$AB$25,[1]对照表!$AC$15:$AC$25)) -> 0 | U56: =R56+T56 -> 80 | V56: =SUM(I56,K56,M56)/3*0.3+SUM(G56,R56)/2*0.4 -> 62.3 | W56: =O56+T56 -> 5 | X56: =V56/0.7+W56 -> 94 | Y56: 94
A57: 7 | B57: 高一 | C57: 102 | D57: 樊子洋 | E57: 男 | F57: 6.9 | G57: =IF(B57="高三",IF($E57="男",LOOKUP(F57,[1]对照表!$G$3:$G$24,[1]对照表!$H$3:$H$24),LOOKUP(F57,[1]对照表!$G$27:$G$48,[1]对照表!$H$27:$H$48)),IF(B57="高二",IF($E57="男",LOOKUP(F57,[1]对照表!$F$3:$F$24,[1]对照表!$H$3:$H$24),LOOKUP(F57,[1]对照表!$F$27:$F$48,[1]对照表!$H$27:$H$48)),IF(B57="高一",IF($E57="男",LOOKUP(F57,[1]对照表!$E$3:$E$24,[1]对照表!$H$3:$H$24),LOOKUP(F57,[1]对照表!$E$27:$E$48,[1]对照表!$H$27:$H$48))))) -> 100 | H57: 14.5 | I57: =IF(B57="高三",IF($E57="男",LOOKUP(H57,[1]对照表!$K$3:$K$24,[1]对照表!$L$3:$L$24),LOOKUP(H57,[1]对照表!$K$27:$K$48,[1]对照表!$L$27:$L$48)),IF(B57="高二",IF($E57="男",LOOKUP(H57,[1]对照表!$J$3:$J$24,[1]对照表!$L$3:$L$24),LOOKUP(H57,[1]对照表!$J$27:$J$48,[1]对照表!$L$27:$L$48)),IF(B57="高一",IF($E57="男",LOOKUP(H57,[1]对照表!$I$3:$I$24,[1]对照表!$L$3:$L$24),LOOKUP(H57,[1]对照表!$I$27:$I$48,[1]对照表!$L$27:$L$48))))) -> 78 | J57: 253 | K57: =IF(B57="高三",IF($E57="男",LOOKUP(J57,[1]对照表!$O$3:$O$24,[1]对照表!$P$3:$P$24),LOOKUP(J57,[1]对照表!$O$27:$O$48,[1]对照表!$P$27:$P$48)),IF(B57="高二",IF($E57="男",LOOKUP(J57,[1]对照表!$N$3:$N$24,[1]对照表!$P$3:$P$24),LOOKUP(J57,[1]对照表!$N$27:$N$48,[1]对照表!$P$27:$P$48)),IF(B57="高一",IF($E57="男",LOOKUP(J57,[1]对照表!$M$3:$M$24,[1]对照表!$P$3:$P$24),LOOKUP(J57,[1]对照表!$M$27:$M$48,[1]对照表!$P$27:$P$48))))) -> 90 | L57: 20 | M57: =IF(B57="高三",IF($E57="男",LOOKUP(L57,[1]对照表!$S$3:$S$24,[1]对照表!$T$3:$T$24),LOOKUP(L57,[1]对照表!$S$27:$S$48,[1]对照表!$T$27:$T$48)),IF(B57="高二",IF($E57="男",LOOKUP(L57,[1]对照表!$R$3:$R$24,[1]对照表!$T$3:$T$24),LOOKUP(L57,[1]对照表!$R$27:$R$48,[1]对照表!$T$27:$T$48)),IF(B57="高一",IF($E57="男",LOOKUP(L57,[1]对照表!$Q$3:$Q$24,[1]对照表!$T$3:$T$24),LOOKUP(L57,[1]对照表!$Q$27:$Q$48,[1]对照表!$T$27:$T$48))))) -> 100 | N57: =IF(B57="高三",MAX(IF(E57="男",L57-18,L57-55),0),IF(B57="高二",MAX(IF(E57="男",L57-17,L57-54),0),IF(B57="高一",MAX(IF(E57="男",L57-16,L57-53),0)))) -> 4 | O57: =IF(E57="男",LOOKUP($N57,[1]对照表!$Z$3:$Z$13,[1]对照表!$AA$3:$AA$13),LOOKUP($N57,[1]对照表!$Z$15:$Z$25,[1]对照表!$AA$15:$AA$25)) -> 4 | P57: =M57+O57 -> 104 | Q57: 3.56 | R57: =IF(B57="高三",IF($E57="男",LOOKUP(Q57,[1]对照表!$W$3:$W$24,[1]对照表!$X$3:$X$24),LOOKUP(Q57,[1]对照表!$W$27:$W$48,[1]对照表!$X$27:$X$48)),IF(B57="高二",IF($E57="男",LOOKUP(Q57,[1]对照表!$V$3:$V$24,[1]对照表!$X$3:$X$24),LOOKUP(Q57,[1]对照表!$V$27:$V$48,[1]对照表!$X$27:$X$48)),IF(B57="高一",IF($E57="男",LOOKUP(Q57,[1]对照表!$U$3:$U$24,[1]对照表!$X$3:$X$24),LOOKUP(Q57,[1]对照表!$U$27:$U$48,[1]对照表!$X$27:$X$48))))) -> 78 | S57: =ROUND(IF(IF($B57="高三",MIN(IF($E57="男",$Q57-3.2,$Q57-3.2),0),IF($B57="高二",MIN(IF($E57="男",$Q57-3.25,$Q57-3.22),0),IF($B57="高一",MIN(IF($E57="男",$Q57-3.3,$Q57-3.24),0))))<-0.6,IF($B57="高三",MIN(IF($E57="男",$Q57-3.2,$Q57-3.2),0),IF($B57="高二",MIN(IF($E57="男",$Q57-3.25,$Q57-3.22),0),IF($B57="高一",MIN(IF($E57="男",$Q57-3.3,$Q57-3.24),0))))+0.4,IF($B57="高三",MIN(IF($E57="男",$Q57-3.2,$Q57-3.2),0),IF($B57="高二",MIN(IF($E57="男",$Q57-3.25,$Q57-3.22),0),IF($B57="高一",MIN(IF($E57="男",$Q57-3.3,$Q57-3.24),0))))),2) -> 0 | T57: =IF(E57="男",LOOKUP($S57,[1]对照表!$AB$3:$AB$13,[1]对照表!$AC$3:$AC$13),LOOKUP($S57,[1]对照表!$AB$15:$AB$25,[1]对照表!$AC$15:$AC$25)) -> 0 | U57: =R57+T57 -> 78 | V57: =SUM(I57,K57,M57)/3*0.3+SUM(G57,R57)/2*0.4 -> 62.4 | W57: =O57+T57 -> 4 | X57: =V57/0.7+W57 -> 93.142857 | Y57: 93.142857
A58: 12 | B58: 高一 | C58: 102 | D58: 高悦峰 | E58: 男 | F58: 6.7 | G58: =IF(B58="高三",IF($E58="男",LOOKUP(F58,[1]对照表!$G$3:$G$24,[1]对照表!$H$3:$H$24),LOOKUP(F58,[1]对照表!$G$27:$G$48,[1]对照表!$H$27:$H$48)),IF(B58="高二",IF($E58="男",LOOKUP(F58,[1]对照表!$F$3:$F$24,[1]对照表!$H$3:$H$24),LOOKUP(F58,[1]对照表!$F$27:$F$48,[1]对照表!$H$27:$H$48)),IF(B58="高一",IF($E58="男",LOOKUP(F58,[1]对照表!$E$3:$E$24,[1]对照表!$H$3:$H$24),LOOKUP(F58,[1]对照表!$E$27:$E$48,[1]对照表!$H$27:$H$48))))) -> 100 | H58: 11 | I58: =IF(B58="高三",IF($E58="男",LOOKUP(H58,[1]对照表!$K$3:$K$24,[1]对照表!$L$3:$L$24),LOOKUP(H58,[1]对照表!$K$27:$K$48,[1]对照表!$L$27:$L$48)),IF(B58="高二",IF($E58="男",LOOKUP(H58,[1]对照表!$J$3:$J$24,[1]对照表!$L$3:$L$24),LOOKUP(H58,[1]对照表!$J$27:$J$48,[1]对照表!$L$27:$L$48)),IF(B58="高一",IF($E58="男",LOOKUP(H58,[1]对照表!$I$3:$I$24,[1]对照表!$L$3:$L$24),LOOKUP(H58,[1]对照表!$I$27:$I$48,[1]对照表!$L$27:$L$48))))) -> 74 | J58: 287 | K58: =IF(B58="高三",IF($E58="男",LOOKUP(J58,[1]对照表!$O$3:$O$24,[1]对照表!$P$3:$P$24),LOOKUP(J58,[1]对照表!$O$27:$O$48,[1]对照表!$P$27:$P$48)),IF(B58="高二",IF($E58="男",LOOKUP(J58,[1]对照表!$N$3:$N$24,[1]对照表!$P$3:$P$24),LOOKUP(J58,[1]对照表!$N$27:$N$48,[1]对照表!$P$27:$P$48)),IF(B58="高一",IF($E58="男",LOOKUP(J58,[1]对照表!$M$3:$M$24,[1]对照表!$P$3:$P$24),LOOKUP(J58,[1]对照表!$M$27:$M$48,[1]对照表!$P$27:$P$48))))) -> 100 | L58: 12 | M58: =IF(B58="高三",IF($E58="男",LOOKUP(L58,[1]对照表!$S$3:$S$24,[1]对照表!$T$3:$T$24),LOOKUP(L58,[1]对照表!$S$27:$S$48,[1]对照表!$T$27:$T$48)),IF(B58="高二",IF($E58="男",LOOKUP(L58,[1]对照表!$R$3:$R$24,[1]对照表!$T$3:$T$24),LOOKUP(L58,[1]对照表!$R$27:$R$48,[1]对照表!$T$27:$T$48)),IF(B58="高一",IF($E58="男",LOOKUP(L58,[1]对照表!$Q$3:$Q$24,[1]对照表!$T$3:$T$24),LOOKUP(L58,[1]对照表!$Q$27:$Q$48,[1]对照表!$T$27:$T$48))))) -> 80 | N58: =IF(B58="高三",MAX(IF(E58="男",L58-18,L58-55),0),IF(B58="高二",MAX(IF(E58="男",L58-17,L58-54),0),IF(B58="高一",MAX(IF(E58="男",L58-16,L58-53),0)))) -> 0 | O58: =IF(E58="男",LOOKUP($N58,[1]对照表!$Z$3:$Z$13,[1]对照表!$AA$3:$AA$13),LOOKUP($N58,[1]对照表!$Z$15:$Z$25,[1]对照表!$AA$15:$AA$25)) -> 0 | P58: =M58+O58 -> 80 | Q58: 3.35 | R58: =IF(B58="高三",IF($E58="男",LOOKUP(Q58,[1]对照表!$W$3:$W$24,[1]对照表!$X$3:$X$24),LOOKUP(Q58,[1]对照表!$W$27:$W$48,[1]对照表!$X$27:$X$48)),IF(B58="高二",IF($E58="男",LOOKUP(Q58,[1]对照表!$V$3:$V$24,[1]对照表!$X$3:$X$24),LOOKUP(Q58,[1]对照表!$V$27:$V$48,[1]对照表!$X$27:$X$48)),IF(B58="高一",IF($E58="男",LOOKUP(Q58,[1]对照表!$U$3:$U$24,[1]对照表!$X$3:$X$24),LOOKUP(Q58,[1]对照表!$U$27:$U$48,[1]对照表!$X$27:$X$48))))) -> 95 | S58: =ROUND(IF(IF($B58="高三",MIN(IF($E58="男",$Q58-3.2,$Q58-3.2),0),IF($B58="高二",MIN(IF($E58="男",$Q58-3.25,$Q58-3.22),0),IF($B58="高一",MIN(IF($E58="男",$Q58-3.3,$Q58-3.24),0))))<-0.6,IF($B58="高三",MIN(IF($E58="男",$Q58-3.2,$Q58-3.2),0),IF($B58="高二",MIN(IF($E58="男",$Q58-3.25,$Q58-3.22),0),IF($B58="高一",MIN(IF($E58="男",$Q58-3.3,$Q58-3.24),0))))+0.4,IF($B58="高三",MIN(IF($E58="男",$Q58-3.2,$Q58-3.2),0),IF($B58="高二",MIN(IF($E58="男",$Q58-3.25,$Q58-3.22),0),IF($B58="高一",MIN(IF($E58="男",$Q58-3.3,$Q58-3.24),0))))),2) -> 0 | T58: =IF(E58="男",LOOKUP($S58,[1]对照表!$AB$3:$AB$13,[1]对照表!$AC$3:$AC$13),LOOKUP($S58,[1]对照表!$AB$15:$AB$25,[1]对照表!$AC$15:$AC$25)) -> 0 | U58: =R58+T58 -> 95 | V58: =SUM(I58,K58,M58)/3*0.3+SUM(G58,R58)/2*0.4 -> 64.4 | W58: =O58+T58 -> 0 | X58: =V58/0.7+W58 -> 92 | Y58: 92
A59: 22 | B59: 高一 | C59: 102 | D59: 阮睿轩 | E59: 男 | F59: 7.3 | G59: =IF(B59="高三",IF($E59="男",LOOKUP(F59,[1]对照表!$G$3:$G$24,[1]对照表!$H$3:$H$24),LOOKUP(F59,[1]对照表!$G$27:$G$48,[1]对照表!$H$27:$H$48)),IF(B59="高二",IF($E59="男",LOOKUP(F59,[1]对照表!$F$3:$F$24,[1]对照表!$H$3:$H$24),LOOKUP(F59,[1]对照表!$F$27:$F$48,[1]对照表!$H$27:$H$48)),IF(B59="高一",IF($E59="男",LOOKUP(F59,[1]对照表!$E$3:$E$24,[1]对照表!$H$3:$H$24),LOOKUP(F59,[1]对照表!$E$27:$E$48,[1]对照表!$H$27:$H$48))))) -> 90 | H59: 16 | I59: =IF(B59="高三",IF($E59="男",LOOKUP(H59,[1]对照表!$K$3:$K$24,[1]对照表!$L$3:$L$24),LOOKUP(H59,[1]对照表!$K$27:$K$48,[1]对照表!$L$27:$L$48)),IF(B59="高二",IF($E59="男",LOOKUP(H59,[1]对照表!$J$3:$J$24,[1]对照表!$L$3:$L$24),LOOKUP(H59,[1]对照表!$J$27:$J$48,[1]对照表!$L$27:$L$48)),IF(B59="高一",IF($E59="男",LOOKUP(H59,[1]对照表!$I$3:$I$24,[1]对照表!$L$3:$L$24),LOOKUP(H59,[1]对照表!$I$27:$I$48,[1]对照表!$L$27:$L$48))))) -> 80 | J59: 266 | K59: =IF(B59="高三",IF($E59="男",LOOKUP(J59,[1]对照表!$O$3:$O$24,[1]对照表!$P$3:$P$24),LOOKUP(J59,[1]对照表!$O$27:$O$48,[1]对照表!$P$27:$P$48)),IF(B59="高二",IF($E59="男",LOOKUP(J59,[1]对照表!$N$3:$N$24,[1]对照表!$P$3:$P$24),LOOKUP(J59,[1]对照表!$N$27:$N$48,[1]对照表!$P$27:$P$48)),IF(B59="高一",IF($E59="男",LOOKUP(J59,[1]对照表!$M$3:$M$24,[1]对照表!$P$3:$P$24),LOOKUP(J59,[1]对照表!$M$27:$M$48,[1]对照表!$P$27:$P$48))))) -> 100 | L59: 20 | M59: =IF(B59="高三",IF($E59="男",LOOKUP(L59,[1]对照表!$S$3:$S$24,[1]对照表!$T$3:$T$24),LOOKUP(L59,[1]对照表!$S$27:$S$48,[1]对照表!$T$27:$T$48)),IF(B59="高二",IF($E59="男",LOOKUP(L59,[1]对照表!$R$3:$R$24,[1]对照表!$T$3:$T$24),LOOKUP(L59,[1]对照表!$R$27:$R$48,[1]对照表!$T$27:$T$48)),IF(B59="高一",IF($E59="男",LOOKUP(L59,[1]对照表!$Q$3:$Q$24,[1]对照表!$T$3:$T$24),LOOKUP(L59,[1]对照表!$Q$27:$Q$48,[1]对照表!$T$27:$T$48))))) -> 100 | N59: =IF(B59="高三",MAX(IF(E59="男",L59-18,L59-55),0),IF(B59="高二",MAX(IF(E59="男",L59-17,L59-54),0),IF(B59="高一",MAX(IF(E59="男",L59-16,L59-53),0)))) -> 4 | O59: =IF(E59="男",LOOKUP($N59,[1]对照表!$Z$3:$Z$13,[1]对照表!$AA$3:$AA$13),LOOKUP($N59,[1]对照表!$Z$15:$Z$25,[1]对照表!$AA$15:$AA$25)) -> 4 | P59: =M59+O59 -> 104 | Q59: 3.59 | R59: =IF(B59="高三",IF($E59="男",LOOKUP(Q59,[1]对照表!$W$3:$W$24,[1]对照表!$X$3:$X$24),LOOKUP(Q59,[1]对照表!$W$27:$W$48,[1]对照表!$X$27:$X$48)),IF(B59="高二",IF($E59="男",LOOKUP(Q59,[1]对照表!$V$3:$V$24,[1]对照表!$X$3:$X$24),LOOKUP(Q59,[1]对照表!$V$27:$V$48,[1]对照表!$X$27:$X$48)),IF(B59="高一",IF($E59="男",LOOKUP(Q59,[1]对照表!$U$3:$U$24,[1]对照表!$X$3:$X$24),LOOKUP(Q59,[1]对照表!$U$27:$U$48,[1]对照表!$X$27:$X$48))))) -> 78 | S59: =ROUND(IF(IF($B59="高三",MIN(IF($E59="男",$Q59-3.2,$Q59-3.2),0),IF($B59="高二",MIN(IF($E59="男",$Q59-3.25,$Q59-3.22),0),IF($B59="高一",MIN(IF($E59="男",$Q59-3.3,$Q59-3.24),0))))<-0.6,IF($B59="高三",MIN(IF($E59="男",$Q59-3.2,$Q59-3.2),0),IF($B59="高二",MIN(IF($E59="男",$Q59-3.25,$Q59-3.22),0),IF($B59="高一",MIN(IF($E59="男",$Q59-3.3,$Q59-3.24),0))))+0.4,IF($B59="高三",MIN(IF($E59="男",$Q59-3.2,$Q59-3.2),0),IF($B59="高二",MIN(IF($E59="男",$Q59-3.25,$Q59-3.22),0),IF($B59="高一",MIN(IF($E59="男",$Q59-3.3,$Q59-3.24),0))))),2) -> 0 | T59: =IF(E59="男",LOOKUP($S59,[1]对照表!$AB$3:$AB$13,[1]对照表!$AC$3:$AC$13),LOOKUP($S59,[1]对照表!$AB$15:$AB$25,[1]对照表!$AC$15:$AC$25)) -> 0 | U59: =R59+T59 -> 78 | V59: =SUM(I59,K59,M59)/3*0.3+SUM(G59,R59)/2*0.4 -> 61.6 | W59: =O59+T59 -> 4 | X59: =V59/0.7+W59 -> 92 | Y59: 92
A60: 41 | B60: 高一 | C60: 102 | D60: 黄雨薇 | E60: 女 | F60: 8.1 | G60: =IF(B60="高三",IF($E60="男",LOOKUP(F60,[1]对照表!$G$3:$G$24,[1]对照表!$H$3:$H$24),LOOKUP(F60,[1]对照表!$G$27:$G$48,[1]对照表!$H$27:$H$48)),IF(B60="高二",IF($E60="男",LOOKUP(F60,[1]对照表!$F$3:$F$24,[1]对照表!$H$3:$H$24),LOOKUP(F60,[1]对照表!$F$27:$F$48,[1]对照表!$H$27:$H$48)),IF(B60="高一",IF($E60="男",LOOKUP(F60,[1]对照表!$E$3:$E$24,[1]对照表!$H$3:$H$24),LOOKUP(F60,[1]对照表!$E$27:$E$48,[1]对照表!$H$27:$H$48))))) -> 85 | H60: 11 | I60: =IF(B60="高三",IF($E60="男",LOOKUP(H60,[1]对照表!$K$3:$K$24,[1]对照表!$L$3:$L$24),LOOKUP(H60,[1]对照表!$K$27:$K$48,[1]对照表!$L$27:$L$48)),IF(B60="高二",IF($E60="男",LOOKUP(H60,[1]对照表!$J$3:$J$24,[1]对照表!$L$3:$L$24),LOOKUP(H60,[1]对照表!$J$27:$J$48,[1]对照表!$L$27:$L$48)),IF(B60="高一",IF($E60="男",LOOKUP(H60,[1]对照表!$I$3:$I$24,[1]对照表!$L$3:$L$24),LOOKUP(H60,[1]对照表!$I$27:$I$48,[1]对照表!$L$27:$L$48))))) -> 70 | J60: 203 | K60: =IF(B60="高三",IF($E60="男",LOOKUP(J60,[1]对照表!$O$3:$O$24,[1]对照表!$P$3:$P$24),LOOKUP(J60,[1]对照表!$O$27:$O$48,[1]对照表!$P$27:$P$48)),IF(B60="高二",IF($E60="男",LOOKUP(J60,[1]对照表!$N$3:$N$24,[1]对照表!$P$3:$P$24),LOOKUP(J60,[1]对照表!$N$27:$N$48,[1]对照表!$P$27:$P$48)),IF(B60="高一",IF($E60="男",LOOKUP(J60,[1]对照表!$M$3:$M$24,[1]对照表!$P$3:$P$24),LOOKUP(J60,[1]对照表!$M$27:$M$48,[1]对照表!$P$27:$P$48))))) -> 95 | L60: 45 | M60: =IF(B60="高三",IF($E60="男",LOOKUP(L60,[1]对照表!$S$3:$S$24,[1]对照表!$T$3:$T$24),LOOKUP(L60,[1]对照表!$S$27:$S$48,[1]对照表!$T$27:$T$48)),IF(B60="高二",IF($E60="男",LOOKUP(L60,[1]对照表!$R$3:$R$24,[1]对照表!$T$3:$T$24),LOOKUP(L60,[1]对照表!$R$27:$R$48,[1]对照表!$T$27:$T$48)),IF(B60="高一",IF($E60="男",LOOKUP(L60,[1]对照表!$Q$3:$Q$24,[1]对照表!$T$3:$T$24),LOOKUP(L60,[1]对照表!$Q$27:$Q$48,[1]对照表!$T$27:$T$48))))) -> 80 | N60: =IF(B60="高三",MAX(IF(E60="男",L60-18,L60-55),0),IF(B60="高二",MAX(IF(E60="男",L60-17,L60-54),0),IF(B60="高一",MAX(IF(E60="男",L60-16,L60-53),0)))) -> 0 | O60: =IF(E60="男",LOOKUP($N60,[1]对照表!$Z$3:$Z$13,[1]对照表!$AA$3:$AA$13),LOOKUP($N60,[1]对照表!$Z$15:$Z$25,[1]对照表!$AA$15:$AA$25)) -> 0 | P60: =M60+O60 -> 80 | Q60: 3.16 | R60: =IF(B60="高三",IF($E60="男",LOOKUP(Q60,[1]对照表!$W$3:$W$24,[1]对照表!$X$3:$X$24),LOOKUP(Q60,[1]对照表!$W$27:$W$48,[1]对照表!$X$27:$X$48)),IF(B60="高二",IF($E60="男",LOOKUP(Q60,[1]对照表!$V$3:$V$24,[1]对照表!$X$3:$X$24),LOOKUP(Q60,[1]对照表!$V$27:$V$48,[1]对照表!$X$27:$X$48)),IF(B60="高一",IF($E60="男",LOOKUP(Q60,[1]对照表!$U$3:$U$24,[1]对照表!$X$3:$X$24),LOOKUP(Q60,[1]对照表!$U$27:$U$48,[1]对照表!$X$27:$X$48))))) -> 100 | S60: =ROUND(IF(IF($B60="高三",MIN(IF($E60="男",$Q60-3.2,$Q60-3.2),0),IF($B60="高二",MIN(IF($E60="男",$Q60-3.25,$Q60-3.22),0),IF($B60="高一",MIN(IF($E60="男",$Q60-3.3,$Q60-3.24),0))))<-0.6,IF($B60="高三",MIN(IF($E60="男",$Q60-3.2,$Q60-3.2),0),IF($B60="高二",MIN(IF($E60="男",$Q60-3.25,$Q60-3.22),0),IF($B60="高一",MIN(IF($E60="男",$Q60-3.3,$Q60-3.24),0))))+0.4,IF($B60="高三",MIN(IF($E60="男",$Q60-3.2,$Q60-3.2),0),IF($B60="高二",MIN(IF($E60="男",$Q60-3.25,$Q60-3.22),0),IF($B60="高一",MIN(IF($E60="男",$Q60-3.3,$Q60-3.24),0))))),2) -> -0.08 | T60: =IF(E60="男",LOOKUP($S60,[1]对照表!$AB$3:$AB$13,[1]对照表!$AC$3:$AC$13),LOOKUP($S60,[1]对照表!$AB$15:$AB$25,[1]对照表!$AC$15:$AC$25)) -> 1 | U60: =R60+T60 -> 101 | V60: =SUM(I60,K60,M60)/3*0.3+SUM(G60,R60)/2*0.4 -> 61.5 | W60: =O60+T60 -> 1 | X60: =V60/0.7+W60 -> 88.857143 | Y60: 88.857143
A61: 33 | B61: 高一 | C61: 102 | D61: 余昊泽 | E61: 男 | F61: 7.2 | G61: =IF(B61="高三",IF($E61="男",LOOKUP(F61,[1]对照表!$G$3:$G$24,[1]对照表!$H$3:$H$24),LOOKUP(F61,[1]对照表!$G$27:$G$48,[1]对照表!$H$27:$H$48)),IF(B61="高二",IF($E61="男",LOOKUP(F61,[1]对照表!$F$3:$F$24,[1]对照表!$H$3:$H$24),LOOKUP(F61,[1]对照表!$F$27:$F$48,[1]对照表!$H$27:$H$48)),IF(B61="高一",IF($E61="男",LOOKUP(F61,[1]对照表!$E$3:$E$24,[1]对照表!$H$3:$H$24),LOOKUP(F61,[1]对照表!$E$27:$E$48,[1]对照表!$H$27:$H$48))))) -> 95 | H61: 3.2 | I61: =IF(B61="高三",IF($E61="男",LOOKUP(H61,[1]对照表!$K$3:$K$24,[1]对照表!$L$3:$L$24),LOOKUP(H61,[1]对照表!$K$27:$K$48,[1]对照表!$L$27:$L$48)),IF(B61="高二",IF($E61="男",LOOKUP(H61,[1]对照表!$J$3:$J$24,[1]对照表!$L$3:$L$24),LOOKUP(H61,[1]对照表!$J$27:$J$48,[1]对照表!$L$27:$L$48)),IF(B61="高一",IF($E61="男",LOOKUP(H61,[1]对照表!$I$3:$I$24,[1]对照表!$L$3:$L$24),LOOKUP(H61,[1]对照表!$I$27:$I$48,[1]对照表!$L$27:$L$48))))) -> 62 | J61: 251 | K61: =IF(B61="高三",IF($E61="男",LOOKUP(J61,[1]对照表!$O$3:$O$24,[1]对照表!$P$3:$P$24),LOOKUP(J61,[1]对照表!$O$27:$O$48,[1]对照表!$P$27:$P$48)),IF(B61="高二",IF($E61="男",LOOKUP(J61,[1]对照表!$N$3:$N$24,[1]对照表!$P$3:$P$24),LOOKUP(J61,[1]对照表!$N$27:$N$48,[1]对照表!$P$27:$P$48)),IF(B61="高一",IF($E61="男",LOOKUP(J61,[1]对照表!$M$3:$M$24,[1]对照表!$P$3:$P$24),LOOKUP(J61,[1]对照表!$M$27:$M$48,[1]对照表!$P$27:$P$48))))) -> 90 | L61: 20 | M61: =IF(B61="高三",IF($E61="男",LOOKUP(L61,[1]对照表!$S$3:$S$24,[1]对照表!$T$3:$T$24),LOOKUP(L61,[1]对照表!$S$27:$S$48,[1]对照表!$T$27:$T$48)),IF(B61="高二",IF($E61="男",LOOKUP(L61,[1]对照表!$R$3:$R$24,[1]对照表!$T$3:$T$24),LOOKUP(L61,[1]对照表!$R$27:$R$48,[1]对照表!$T$27:$T$48)),IF(B61="高一",IF($E61="男",LOOKUP(L61,[1]对照表!$Q$3:$Q$24,[1]对照表!$T$3:$T$24),LOOKUP(L61,[1]对照表!$Q$27:$Q$48,[1]对照表!$T$27:$T$48))))) -> 100 | N61: =IF(B61="高三",MAX(IF(E61="男",L61-18,L61-55),0),IF(B61="高二",MAX(IF(E61="男",L61-17,L61-54),0),IF(B61="高一",MAX(IF(E61="男",L61-16,L61-53),0)))) -> 4 | O61: =IF(E61="男",LOOKUP($N61,[1]对照表!$Z$3:$Z$13,[1]对照表!$AA$3:$AA$13),LOOKUP($N61,[1]对照表!$Z$15:$Z$25,[1]对照表!$AA$15:$AA$25)) -> 4 | P61: =M61+O61 -> 104 | Q61: 3.45 | R61: =IF(B61="高三",IF($E61="男",LOOKUP(Q61,[1]对照表!$W$3:$W$24,[1]对照表!$X$3:$X$24),LOOKUP(Q61,[1]对照表!$W$27:$W$48,[1]对照表!$X$27:$X$48)),IF(B61="高二",IF($E61="男",LOOKUP(Q61,[1]对照表!$V$3:$V$24,[1]对照表!$X$3:$X$24),LOOKUP(Q61,[1]对照表!$V$27:$V$48,[1]对照表!$X$27:$X$48)),IF(B61="高一",IF($E61="男",LOOKUP(Q61,[1]对照表!$U$3:$U$24,[1]对照表!$X$3:$X$24),LOOKUP(Q61,[1]对照表!$U$27:$U$48,[1]对照表!$X$27:$X$48))))) -> 85 | S61: =ROUND(IF(IF($B61="高三",MIN(IF($E61="男",$Q61-3.2,$Q61-3.2),0),IF($B61="高二",MIN(IF($E61="男",$Q61-3.25,$Q61-3.22),0),IF($B61="高一",MIN(IF($E61="男",$Q61-3.3,$Q61-3.24),0))))<-0.6,IF($B61="高三",MIN(IF($E61="男",$Q61-3.2,$Q61-3.2),0),IF($B61="高二",MIN(IF($E61="男",$Q61-3.25,$Q61-3.22),0),IF($B61="高一",MIN(IF($E61="男",$Q61-3.3,$Q61-3.24),0))))+0.4,IF($B61="高三",MIN(IF($E61="男",$Q61-3.2,$Q61-3.2),0),IF($B61="高二",MIN(IF($E61="男",$Q61-3.25,$Q61-3.22),0),IF($B61="高一",MIN(IF($E61="男",$Q61-3.3,$Q61-3.24),0))))),2) -> 0 | T61: =IF(E61="男",LOOKUP($S61,[1]对照表!$AB$3:$AB$13,[1]对照表!$AC$3:$AC$13),LOOKUP($S61,[1]对照表!$AB$15:$AB$25,[1]对照表!$AC$15:$AC$25)) -> 0 | U61: =R61+T61 -> 85 | V61: =SUM(I61,K61,M61)/3*0.3+SUM(G61,R61)/2*0.4 -> 61.2 | W61: =O61+T61 -> 4 | X61: =V61/0.7+W61 -> 91.428571 | Y61: 91.428571
A62: 11 | B62: 高一 | C62: 102 | D62: 冯烨鸣 | E62: 男 | F62: 6.5 | G62: =IF(B62="高三",IF($E62="男",LOOKUP(F62,[1]对照表!$G$3:$G$24,[1]对照表!$H$3:$H$24),LOOKUP(F62,[1]对照表!$G$27:$G$48,[1]对照表!$H$27:$H$48)),IF(B62="高二",IF($E62="男",LOOKUP(F62,[1]对照表!$F$3:$F$24,[1]对照表!$H$3:$H$24),LOOKUP(F62,[1]对照表!$F$27:$F$48,[1]对照表!$H$27:$H$48)),IF(B62="高一",IF($E62="男",LOOKUP(F62,[1]对照表!$E$3:$E$24,[1]对照表!$H$3:$H$24),LOOKUP(F62,[1]对照表!$E$27:$E$48,[1]对照表!$H$27:$H$48))))) -> 100 | H62: 11 | I62: =IF(B62="高三",IF($E62="男",LOOKUP(H62,[1]对照表!$K$3:$K$24,[1]对照表!$L$3:$L$24),LOOKUP(H62,[1]对照表!$K$27:$K$48,[1]对照表!$L$27:$L$48)),IF(B62="高二",IF($E62="男",LOOKUP(H62,[1]对照表!$J$3:$J$24,[1]对照表!$L$3:$L$24),LOOKUP(H62,[1]对照表!$J$27:$J$48,[1]对照表!$L$27:$L$48)),IF(B62="高一",IF($E62="男",LOOKUP(H62,[1]对照表!$I$3:$I$24,[1]对照表!$L$3:$L$24),LOOKUP(H62,[1]对照表!$I$27:$I$48,[1]对照表!$L$27:$L$48))))) -> 74 | J62: 285 | K62: =IF(B62="高三",IF($E62="男",LOOKUP(J62,[1]对照表!$O$3:$O$24,[1]对照表!$P$3:$P$24),LOOKUP(J62,[1]对照表!$O$27:$O$48,[1]对照表!$P$27:$P$48)),IF(B62="高二",IF($E62="男",LOOKUP(J62,[1]对照表!$N$3:$N$24,[1]对照表!$P$3:$P$24),LOOKUP(J62,[1]对照表!$N$27:$N$48,[1]对照表!$P$27:$P$48)),IF(B62="高一",IF($E62="男",LOOKUP(J62,[1]对照表!$M$3:$M$24,[1]对照表!$P$3:$P$24),LOOKUP(J62,[1]对照表!$M$27:$M$48,[1]对照表!$P$27:$P$48))))) -> 100 | L62: 12 | M62: =IF(B62="高三",IF($E62="男",LOOKUP(L62,[1]对照表!$S$3:$S$24,[1]对照表!$T$3:$T$24),LOOKUP(L62,[1]对照表!$S$27:$S$48,[1]对照表!$T$27:$T$48)),IF(B62="高二",IF($E62="男",LOOKUP(L62,[1]对照表!$R$3:$R$24,[1]对照表!$T$3:$T$24),LOOKUP(L62,[1]对照表!$R$27:$R$48,[1]对照表!$T$27:$T$48)),IF(B62="高一",IF($E62="男",LOOKUP(L62,[1]对照表!$Q$3:$Q$24,[1]对照表!$T$3:$T$24),LOOKUP(L62,[1]对照表!$Q$27:$Q$48,[1]对照表!$T$27:$T$48))))) -> 80 | N62: =IF(B62="高三",MAX(IF(E62="男",L62-18,L62-55),0),IF(B62="高二",MAX(IF(E62="男",L62-17,L62-54),0),IF(B62="高一",MAX(IF(E62="男",L62-16,L62-53),0)))) -> 0 | O62: =IF(E62="男",LOOKUP($N62,[1]对照表!$Z$3:$Z$13,[1]对照表!$AA$3:$AA$13),LOOKUP($N62,[1]对照表!$Z$15:$Z$25,[1]对照表!$AA$15:$AA$25)) -> 0 | P62: =M62+O62 -> 80 | Q62: 3.36 | R62: =IF(B62="高三",IF($E62="男",LOOKUP(Q62,[1]对照表!$W$3:$W$24,[1]对照表!$X$3:$X$24),LOOKUP(Q62,[1]对照表!$W$27:$W$48,[1]对照表!$X$27:$X$48)),IF(B62="高二",IF($E62="男",LOOKUP(Q62,[1]对照表!$V$3:$V$24,[1]对照表!$X$3:$X$24),LOOKUP(Q62,[1]对照表!$V$27:$V$48,[1]对照表!$X$27:$X$48)),IF(B62="高一",IF($E62="男",LOOKUP(Q62,[1]对照表!$U$3:$U$24,[1]对照表!$X$3:$X$24),LOOKUP(Q62,[1]对照表!$U$27:$U$48,[1]对照表!$X$27:$X$48))))) -> 90 | S62: =ROUND(IF(IF($B62="高三",MIN(IF($E62="男",$Q62-3.2,$Q62-3.2),0),IF($B62="高二",MIN(IF($E62="男",$Q62-3.25,$Q62-3.22),0),IF($B62="高一",MIN(IF($E62="男",$Q62-3.3,$Q62-3.24),0))))<-0.6,IF($B62="高三",MIN(IF($E62="男",$Q62-3.2,$Q62-3.2),0),IF($B62="高二",MIN(IF($E62="男",$Q62-3.25,$Q62-3.22),0),IF($B62="高一",MIN(IF($E62="男",$Q62-3.3,$Q62-3.24),0))))+0.4,IF($B62="高三",MIN(IF($E62="男",$Q62-3.2,$Q62-3.2),0),IF($B62="高二",MIN(IF($E62="男",$Q62-3.25,$Q62-3.22),0),IF($B62="高一",MIN(IF($E62="男",$Q62-3.3,$Q62-3.24),0))))),2) -> 0 | T62: =IF(E62="男",LOOKUP($S62,[1]对照表!$AB$3:$AB$13,[1]对照表!$AC$3:$AC$13),LOOKUP($S62,[1]对照表!$AB$15:$AB$25,[1]对照表!$AC$15:$AC$25)) -> 0 | U62: =R62+T62 -> 90 | V62: =SUM(I62,K62,M62)/3*0.3+SUM(G62,R62)/2*0.4 -> 63.4 | W62: =O62+T62 -> 0 | X62: =V62/0.7+W62 -> 90.571429 | Y62: 90.571429
... A75: 4 | B75: 高一 | C75: 102 | D75: 陈谱新 | E75: 男 | F75: 7.5 | G75: =IF(B75="高三",IF($E75="男",LOOKUP(F75,[1]对照表!$G$3:$G$24,[1]对照表!$H$3:$H$24),LOOKUP(F75,[1]对照表!$G$27:$G$48,[1]对照表!$H$27:$H$48)),IF(B75="高二",IF($E75="男",LOOKUP(F75,[1]对照表!$F$3:$F$24,[1]对照表!$H$3:$H$24),LOOKUP(F75,[1]对照表!$F$27:$F$48,[1]对照表!$H$27:$H$48)),IF(B75="高一",IF($E75="男",LOOKUP(F75,[1]对照表!$E$3:$E$24,[1]对照表!$H$3:$H$24),LOOKUP(F75,[1]对照表!$E$27:$E$48,[1]对照表!$H$27:$H$48))))) -> 80 | H75: 9 | I75: =IF(B75="高三",IF($E75="男",LOOKUP(H75,[1]对照表!$K$3:$K$24,[1]对照表!$L$3:$L$24),LOOKUP(H75,[1]对照表!$K$27:$K$48,[1]对照表!$L$27:$L$48)),IF(B75="高二",IF($E75="男",LOOKUP(H75,[1]对照表!$J$3:$J$24,[1]对照表!$L$3:$L$24),LOOKUP(H75,[1]对照表!$J$27:$J$48,[1]对照表!$L$27:$L$48)),IF(B75="高一",IF($E75="男",LOOKUP(H75,[1]对照表!$I$3:$I$24,[1]对照表!$L$3:$L$24),LOOKUP(H75,[1]对照表!$I$27:$I$48,[1]对照表!$L$27:$L$48))))) -> 70 | J75: 228 | K75: =IF(B75="高三",IF($E75="男",LOOKUP(J75,[1]对照表!$O$3:$O$24,[1]对照表!$P$3:$P$24),LOOKUP(J75,[1]对照表!$O$27:$O$48,[1]对照表!$P$27:$P$48)),IF(B75="高二",IF($E75="男",LOOKUP(J75,[1]对照表!$N$3:$N$24,[1]对照表!$P$3:$P$24),LOOKUP(J75,[1]对照表!$N$27:$N$48,[1]对照表!$P$27:$P$48)),IF(B75="高一",IF($E75="男",LOOKUP(J75,[1]对照表!$M$3:$M$24,[1]对照表!$P$3:$P$24),LOOKUP(J75,[1]对照表!$M$27:$M$48,[1]对照表!$P$27:$P$48))))) -> 76 | L75: 14 | M75: =IF(B75="高三",IF($E75="男",LOOKUP(L75,[1]对照表!$S$3:$S$24,[1]对照表!$T$3:$T$24),LOOKUP(L75,[1]对照表!$S$27:$S$48,[1]对照表!$T$27:$T$48)),IF(B75="高二",IF($E75="男",LOOKUP(L75,[1]对照表!$R$3:$R$24,[1]对照表!$T$3:$T$24),LOOKUP(L75,[1]对照表!$R$27:$R$48,[1]对照表!$T$27:$T$48)),IF(B75="高一",IF($E75="男",LOOKUP(L75,[1]对照表!$Q$3:$Q$24,[1]对照表!$T$3:$T$24),LOOKUP(L75,[1]对照表!$Q$27:$Q$48,[1]对照表!$T$27:$T$48))))) -> 90 | N75: =IF(B75="高三",MAX(IF(E75="男",L75-18,L75-55),0),IF(B75="高二",MAX(IF(E75="男",L75-17,L75-54),0),IF(B75="高一",MAX(IF(E75="男",L75-16,L75-53),0)))) -> 0 | O75: =IF(E75="男",LOOKUP($N75,[1]对照表!$Z$3:$Z$13,[1]对照表!$AA$3:$AA$13),LOOKUP($N75,[1]对照表!$Z$15:$Z$25,[1]对照表!$AA$15:$AA$25)) -> 0 | P75: =M75+O75 -> 90 | Q75: 4.03 | R75: =IF(B75="高三",IF($E75="男",LOOKUP(Q75,[1]对照表!$W$3:$W$24,[1]对照表!$X$3:$X$24),LOOKUP(Q75,[1]对照表!$W$27:$W$48,[1]对照表!$X$27:$X$48)),IF(B75="高二",IF($E75="男",LOOKUP(Q75,[1]对照表!$V$3:$V$24,[1]对照表!$X$3:$X$24),LOOKUP(Q75,[1]对照表!$V$27:$V$48,[1]对照表!$X$27:$X$48)),IF(B75="高一",IF($E75="男",LOOKUP(Q75,[1]对照表!$U$3:$U$24,[1]对照表!$X$3:$X$24),LOOKUP(Q75,[1]对照表!$U$27:$U$48,[1]对照表!$X$27:$X$48))))) -> 76 | S75: =ROUND(IF(IF($B75="高三",MIN(IF($E75="男",$Q75-3.2,$Q75-3.2),0),IF($B75="高二",MIN(IF($E75="男",$Q75-3.25,$Q75-3.22),0),IF($B75="高一",MIN(IF($E75="男",$Q75-3.3,$Q75-3.24),0))))<-0.6,IF($B75="高三",MIN(IF($E75="男",$Q75-3.2,$Q75-3.2),0),IF($B75="高二",MIN(IF($E75="男",$Q75-3.25,$Q75-3.22),0),IF($B75="高一",MIN(IF($E75="男",$Q75-3.3,$Q75-3.24),0))))+0.4,IF($B75="高三",MIN(IF($E75="男",$Q75-3.2,$Q75-3.2),0),IF($B75="高二",MIN(IF($E75="男",$Q75-3.25,$Q75-3.22),0),IF($B75="高一",MIN(IF($E75="男",$Q75-3.3,$Q75-3.24),0))))),2) -> 0 | T75: =IF(E75="男",LOOKUP($S75,[1]对照表!$AB$3:$AB$13,[1]对照表!$AC$3:$AC$13),LOOKUP($S75,[1]对照表!$AB$15:$AB$25,[1]对照表!$AC$15:$AC$25)) -> 0 | U75: =R75+T75 -> 76 | V75: =SUM(I75,K75,M75)/3*0.3+SUM(G75,R75)/2*0.4 -> 54.8 | W75: =O75+T75 -> 0 | X75: =V75/0.7+W75 -> 78.285714 | Y75: 78.285714
A76: 45 | B76: 高一 | C76: 102 | D76: 谭佳怡 | E76: 女 | F76: 8.79 | G76: =IF(B76="高三",IF($E76="男",LOOKUP(F76,[1]对照表!$G$3:$G$24,[1]对照表!$H$3:$H$24),LOOKUP(F76,[1]对照表!$G$27:$G$48,[1]对照表!$H$27:$H$48)),IF(B76="高二",IF($E76="男",LOOKUP(F76,[1]对照表!$F$3:$F$24,[1]对照表!$H$3:$H$24),LOOKUP(F76,[1]对照表!$F$27:$F$48,[1]对照表!$H$27:$H$48)),IF(B76="高一",IF($E76="男",LOOKUP(F76,[1]对照表!$E$3:$E$24,[1]对照表!$H$3:$H$24),LOOKUP(F76,[1]对照表!$E$27:$E$48,[1]对照表!$H$27:$H$48))))) -> 78 | I76: 0 | K76: 0 | M76: 0 | N76: =IF(B76="高三",MAX(IF(E76="男",L76-18,L76-55),0),IF(B76="高二",MAX(IF(E76="男",L76-17,L76-54),0),IF(B76="高一",MAX(IF(E76="男",L76-16,L76-53),0)))) -> 0 | O76: =IF(E76="男",LOOKUP($N76,[1]对照表!$Z$3:$Z$13,[1]对照表!$AA$3:$AA$13),LOOKUP($N76,[1]对照表!$Z$15:$Z$25,[1]对照表!$AA$15:$AA$25)) -> 0 | P76: =M76+O76 -> 0 | Q76: 3.38 | R76: =IF(B76="高三",IF($E76="男",LOOKUP(Q76,[1]对照表!$W$3:$W$24,[1]对照表!$X$3:$X$24),LOOKUP(Q76,[1]对照表!$W$27:$W$48,[1]对照表!$X$27:$X$48)),IF(B76="高二",IF($E76="男",LOOKUP(Q76,[1]对照表!$V$3:$V$24,[1]对照表!$X$3:$X$24),LOOKUP(Q76,[1]对照表!$V$27:$V$48,[1]对照表!$X$27:$X$48)),IF(B76="高一",IF($E76="男",LOOKUP(Q76,[1]对照表!$U$3:$U$24,[1]对照表!$X$3:$X$24),LOOKUP(Q76,[1]对照表!$U$27:$U$48,[1]对照表!$X$27:$X$48))))) -> 85 | S76: =ROUND(IF(IF($B76="高三",MIN(IF($E76="男",$Q76-3.2,$Q76-3.2),0),IF($B76="高二",MIN(IF($E76="男",$Q76-3.25,$Q76-3.22),0),IF($B76="高一",MIN(IF($E76="男",$Q76-3.3,$Q76-3.24),0))))<-0.6,IF($B76="高三",MIN(IF($E76="男",$Q76-3.2,$Q76-3.2),0),IF($B76="高二",MIN(IF($E76="男",$Q76-3.25,$Q76-3.22),0),IF($B76="高一",MIN(IF($E76="男",$Q76-3.3,$Q76-3.24),0))))+0.4,IF($B76="高三",MIN(IF($E76="男",$Q76-3.2,$Q76-3.2),0),IF($B76="高二",MIN(IF($E76="男",$Q76-3.25,$Q76-3.22),0),IF($B76="高一",MIN(IF($E76="男",$Q76-3.3,$Q76-3.24),0))))),2) -> 0 | T76: =IF(E76="男",LOOKUP($S76,[1]对照表!$AB$3:$AB$13,[1]对照表!$AC$3:$AC$13),LOOKUP($S76,[1]对照表!$AB$15:$AB$25,[1]对照表!$AC$15:$AC$25)) -> 0 | U76: =R76+T76 -> 85 | V76: =SUM(I76,K76,M76)/3*0.3+SUM(G76,R76)/2*0.4 -> 32.6 | W76: =O76+T76 -> 0 | X76: =V76/0.7+W76 -> 46.571429 | Y76: 50
A77: 24 | B77: 高一 | C77: 102 | D77: 王一鼎 | E77: 男 | F77: 7.2 | G77: =IF(B77="高三",IF($E77="男",LOOKUP(F77,[1]对照表!$G$3:$G$24,[1]对照表!$H$3:$H$24),LOOKUP(F77,[1]对照表!$G$27:$G$48,[1]对照表!$H$27:$H$48)),IF(B77="高二",IF($E77="男",LOOKUP(F77,[1]对照表!$F$3:$F$24,[1]对照表!$H$3:$H$24),LOOKUP(F77,[1]对照表!$F$27:$F$48,[1]对照表!$H$27:$H$48)),IF(B77="高一",IF($E77="男",LOOKUP(F77,[1]对照表!$E$3:$E$24,[1]对照表!$H$3:$H$24),LOOKUP(F77,[1]对照表!$E$27:$E$48,[1]对照表!$H$27:$H$48))))) -> 95 | H77: 16 | I77: =IF(B77="高三",IF($E77="男",LOOKUP(H77,[1]对照表!$K$3:$K$24,[1]对照表!$L$3:$L$24),LOOKUP(H77,[1]对照表!$K$27:$K$48,[1]对照表!$L$27:$L$48)),IF(B77="高二",IF($E77="男",LOOKUP(H77,[1]对照表!$J$3:$J$24,[1]对照表!$L$3:$L$24),LOOKUP(H77,[1]对照表!$J$27:$J$48,[1]对照表!$L$27:$L$48)),IF(B77="高一",IF($E77="男",LOOKUP(H77,[1]对照表!$I$3:$I$24,[1]对照表!$L$3:$L$24),LOOKUP(H77,[1]对照表!$I$27:$I$48,[1]对照表!$L$27:$L$48))))) -> 80 | J77: 237 | K77: =IF(B77="高三",IF($E77="男",LOOKUP(J77,[1]对照表!$O$3:$O$24,[1]对照表!$P$3:$P$24),LOOKUP(J77,[1]对照表!$O$27:$O$48,[1]对照表!$P$27:$P$48)),IF(B77="高二",IF($E77="男",LOOKUP(J77,[1]对照表!$N$3:$N$24,[1]对照表!$P$3:$P$24),LOOKUP(J77,[1]对照表!$N$27:$N$48,[1]对照表!$P$27:$P$48)),IF(B77="高一",IF($E77="男",LOOKUP(J77,[1]对照表!$M$3:$M$24,[1]对照表!$P$3:$P$24),LOOKUP(J77,[1]对照表!$M$27:$M$48,[1]对照表!$P$27:$P$48))))) -> 80 | L77: 5 | M77: =IF(B77="高三",IF($E77="男",LOOKUP(L77,[1]对照表!$S$3:$S$24,[1]对照表!$T$3:$T$24),LOOKUP(L77,[1]对照表!$S$27:$S$48,[1]对照表!$T$27:$T$48)),IF(B77="高二",IF($E77="男",LOOKUP(L77,[1]对照表!$R$3:$R$24,[1]对照表!$T$3:$T$24),LOOKUP(L77,[1]对照表!$R$27:$R$48,[1]对照表!$T$27:$T$48)),IF(B77="高一",IF($E77="男",LOOKUP(L77,[1]对照表!$Q$3:$Q$24,[1]对照表!$T$3:$T$24),LOOKUP(L77,[1]对照表!$Q$27:$Q$48,[1]对照表!$T$27:$T$48))))) -> 40 | N77: =IF(B77="高三",MAX(IF(E77="男",L77-18,L77-55),0),IF(B77="高二",MAX(IF(E77="男",L77-17,L77-54),0),IF(B77="高一",MAX(IF(E77="男",L77-16,L77-53),0)))) -> 0 | O77: =IF(E77="男",LOOKUP($N77,[1]对照表!$Z$3:$Z$13,[1]对照表!$AA$3:$AA$13),LOOKUP($N77,[1]对照表!$Z$15:$Z$25,[1]对照表!$AA$15:$AA$25)) -> 0 | P77: =M77+O77 -> 40 | Q77: 4.1 | R77: =IF(B77="高三",IF($E77="男",LOOKUP(Q77,[1]对照表!$W$3:$W$24,[1]对照表!$X$3:$X$24),LOOKUP(Q77,[1]对照表!$W$27:$W$48,[1]对照表!$X$27:$X$48)),IF(B77="高二",IF($E77="男",LOOKUP(Q77,[1]对照表!$V$3:$V$24,[1]对照表!$X$3:$X$24),LOOKUP(Q77,[1]对照表!$V$27:$V$48,[1]对照表!$X$27:$X$48)),IF(B77="高一",IF($E77="男",LOOKUP(Q77,[1]对照表!$U$3:$U$24,[1]对照表!$X$3:$X$24),LOOKUP(Q77,[1]对照表!$U$27:$U$48,[1]对照表!$X$27:$X$48))))) -> 74 | S77: =ROUND(IF(IF($B77="高三",MIN(IF($E77="男",$Q77-3.2,$Q77-3.2),0),IF($B77="高二",MIN(IF($E77="男",$Q77-3.25,$Q77-3.22),0),IF($B77="高一",MIN(IF($E77="男",$Q77-3.3,$Q77-3.24),0))))<-0.6,IF($B77="高三",MIN(IF($E77="男",$Q77-3.2,$Q77-3.2),0),IF($B77="高二",MIN(IF($E77="男",$Q77-3.25,$Q77-3.22),0),IF($B77="高一",MIN(IF($E77="男",$Q77-3.3,$Q77-3.24),0))))+0.4,IF($B77="高三",MIN(IF($E77="男",$Q77-3.2,$Q77-3.2),0),IF($B77="高二",MIN(IF($E77="男",$Q77-3.25,$Q77-3.22),0),IF($B77="高一",MIN(IF($E77="男",$Q77-3.3,$Q77-3.24),0))))),2) -> 0 | T77: =IF(E77="男",LOOKUP($S77,[1]对照表!$AB$3:$AB$13,[1]对照表!$AC$3:$AC$13),LOOKUP($S77,[1]对照表!$AB$15:$AB$25,[1]对照表!$AC$15:$AC$25)) -> 0 | U77: =R77+T77 -> 74 | V77: =SUM(I77,K77,M77)/3*0.3+SUM(G77,R77)/2*0.4 -> 53.8 | W77: =O77+T77 -> 0 | X77: =V77/0.7+W77 -> 76.857143 | Y77: 76.857143
A78: 6 | B78: 高一 | C78: 102 | D78: 程易 | E78: 男 | F78: 8.3 | G78: =IF(B78="高三",IF($E78="男",LOOKUP(F78,[1]对照表!$G$3:$G$24,[1]对照表!$H$3:$H$24),LOOKUP(F78,[1]对照表!$G$27:$G$48,[1]对照表!$H$27:$H$48)),IF(B78="高二",IF($E78="男",LOOKUP(F78,[1]对照表!$F$3:$F$24,[1]对照表!$H$3:$H$24),LOOKUP(F78,[1]对照表!$F$27:$F$48,[1]对照表!$H$27:$H$48)),IF(B78="高一",IF($E78="男",LOOKUP(F78,[1]对照表!$E$3:$E$24,[1]对照表!$H$3:$H$24),LOOKUP(F78,[1]对照表!$E$27:$E$48,[1]对照表!$H$27:$H$48))))) -> 72 | H78: 15 | I78: =IF(B78="高三",IF($E78="男",LOOKUP(H78,[1]对照表!$K$3:$K$24,[1]对照表!$L$3:$L$24),LOOKUP(H78,[1]对照表!$K$27:$K$48,[1]对照表!$L$27:$L$48)),IF(B78="高二",IF($E78="男",LOOKUP(H78,[1]对照表!$J$3:$J$24,[1]对照表!$L$3:$L$24),LOOKUP(H78,[1]对照表!$J$27:$J$48,[1]对照表!$L$27:$L$48)),IF(B78="高一",IF($E78="男",LOOKUP(H78,[1]对照表!$I$3:$I$24,[1]对照表!$L$3:$L$24),LOOKUP(H78,[1]对照表!$I$27:$I$48,[1]对照表!$L$27:$L$48))))) -> 80 | J78: 226 | K78: =IF(B78="高三",IF($E78="男",LOOKUP(J78,[1]对照表!$O$3:$O$24,[1]对照表!$P$3:$P$24),LOOKUP(J78,[1]对照表!$O$27:$O$48,[1]对照表!$P$27:$P$48)),IF(B78="高二",IF($E78="男",LOOKUP(J78,[1]对照表!$N$3:$N$24,[1]对照表!$P$3:$P$24),LOOKUP(J78,[1]对照表!$N$27:$N$48,[1]对照表!$P$27:$P$48)),IF(B78="高一",IF($E78="男",LOOKUP(J78,[1]对照表!$M$3:$M$24,[1]对照表!$P$3:$P$24),LOOKUP(J78,[1]对照表!$M$27:$M$48,[1]对照表!$P$27:$P$48))))) -> 74 | L78: 12 | M78: =IF(B78="高三",IF($E78="男",LOOKUP(L78,[1]对照表!$S$3:$S$24,[1]对照表!$T$3:$T$24),LOOKUP(L78,[1]对照表!$S$27:$S$48,[1]对照表!$T$27:$T$48)),IF(B78="高二",IF($E78="男",LOOKUP(L78,[1]对照表!$R$3:$R$24,[1]对照表!$T$3:$T$24),LOOKUP(L78,[1]对照表!$R$27:$R$48,[1]对照表!$T$27:$T$48)),IF(B78="高一",IF($E78="男",LOOKUP(L78,[1]对照表!$Q$3:$Q$24,[1]对照表!$T$3:$T$24),LOOKUP(L78,[1]对照表!$Q$27:$Q$48,[1]对照表!$T$27:$T$48))))) -> 80 | N78: =IF(B78="高三",MAX(IF(E78="男",L78-18,L78-55),0),IF(B78="高二",MAX(IF(E78="男",L78-17,L78-54),0),IF(B78="高一",MAX(IF(E78="男",L78-16,L78-53),0)))) -> 0 | O78: =IF(E78="男",LOOKUP($N78,[1]对照表!$Z$3:$Z$13,[1]对照表!$AA$3:$AA$13),LOOKUP($N78,[1]对照表!$Z$15:$Z$25,[1]对照表!$AA$15:$AA$25)) -> 0 | P78: =M78+O78 -> 80 | Q78: 4.2 | R78: =IF(B78="高三",IF($E78="男",LOOKUP(Q78,[1]对照表!$W$3:$W$24,[1]对照表!$X$3:$X$24),LOOKUP(Q78,[1]对照表!$W$27:$W$48,[1]对照表!$X$27:$X$48)),IF(B78="高二",IF($E78="男",LOOKUP(Q78,[1]对照表!$V$3:$V$24,[1]对照表!$X$3:$X$24),LOOKUP(Q78,[1]对照表!$V$27:$V$48,[1]对照表!$X$27:$X$48)),IF(B78="高一",IF($E78="男",LOOKUP(Q78,[1]对照表!$U$3:$U$24,[1]对照表!$X$3:$X$24),LOOKUP(Q78,[1]对照表!$U$27:$U$48,[1]对照表!$X$27:$X$48))))) -> 70 | S78: =ROUND(IF(IF($B78="高三",MIN(IF($E78="男",$Q78-3.2,$Q78-3.2),0),IF($B78="高二",MIN(IF($E78="男",$Q78-3.25,$Q78-3.22),0),IF($B78="高一",MIN(IF($E78="男",$Q78-3.3,$Q78-3.24),0))))<-0.6,IF($B78="高三",MIN(IF($E78="男",$Q78-3.2,$Q78-3.2),0),IF($B78="高二",MIN(IF($E78="男",$Q78-3.25,$Q78-3.22),0),IF($B78="高一",MIN(IF($E78="男",$Q78-3.3,$Q78-3.24),0))))+0.4,IF($B78="高三",MIN(IF($E78="男",$Q78-3.2,$Q78-3.2),0),IF($B78="高二",MIN(IF($E78="男",$Q78-3.25,$Q78-3.22),0),IF($B78="高一",MIN(IF($E78="男",$Q78-3.3,$Q78-3.24),0))))),2) -> 0 | T78: =IF(E78="男",LOOKUP($S78,[1]对照表!$AB$3:$AB$13,[1]对照表!$AC$3:$AC$13),LOOKUP($S78,[1]对照表!$AB$15:$AB$25,[1]对照表!$AC$15:$AC$25)) -> 0 | U78: =R78+T78 -> 70 | V78: =SUM(I78,K78,M78)/3*0.3+SUM(G78,R78)/2*0.4 -> 51.8 | W78: =O78+T78 -> 0 | X78: =V78/0.7+W78 -> 74 | Y78: 74
A79: 31 | B79: 高一 | C79: 102 | D79: 叶林灏 | E79: 男 | F79: 8 | G79: =IF(B79="高三",IF($E79="男",LOOKUP(F79,[1]对照表!$G$3:$G$24,[1]对照表!$H$3:$H$24),LOOKUP(F79,[1]对照表!$G$27:$G$48,[1]对照表!$H$27:$H$48)),IF(B79="高二",IF($E79="男",LOOKUP(F79,[1]对照表!$F$3:$F$24,[1]对照表!$H$3:$H$24),LOOKUP(F79,[1]对照表!$F$27:$F$48,[1]对照表!$H$27:$H$48)),IF(B79="高一",IF($E79="男",LOOKUP(F79,[1]对照表!$E$3:$E$24,[1]对照表!$H$3:$H$24),LOOKUP(F79,[1]对照表!$E$27:$E$48,[1]对照表!$H$27:$H$48))))) -> 74 | H79: 6.2 | I79: =IF(B79="高三",IF($E79="男",LOOKUP(H79,[1]对照表!$K$3:$K$24,[1]对照表!$L$3:$L$24),LOOKUP(H79,[1]对照表!$K$27:$K$48,[1]对照表!$L$27:$L$48)),IF(B79="高二",IF($E79="男",LOOKUP(H79,[1]对照表!$J$3:$J$24,[1]对照表!$L$3:$L$24),LOOKUP(H79,[1]对照表!$J$27:$J$48,[1]对照表!$L$27:$L$48)),IF(B79="高一",IF($E79="男",LOOKUP(H79,[1]对照表!$I$3:$I$24,[1]对照表!$L$3:$L$24),LOOKUP(H79,[1]对照表!$I$27:$I$48,[1]对照表!$L$27:$L$48))))) -> 66 | J79: 210 | K79: =IF(B79="高三",IF($E79="男",LOOKUP(J79,[1]对照表!$O$3:$O$24,[1]对照表!$P$3:$P$24),LOOKUP(J79,[1]对照表!$O$27:$O$48,[1]对照表!$P$27:$P$48)),IF(B79="高二",IF($E79="男",LOOKUP(J79,[1]对照表!$N$3:$N$24,[1]对照表!$P$3:$P$24),LOOKUP(J79,[1]对照表!$N$27:$N$48,[1]对照表!$P$27:$P$48)),IF(B79="高一",IF($E79="男",LOOKUP(J79,[1]对照表!$M$3:$M$24,[1]对照表!$P$3:$P$24),LOOKUP(J79,[1]对照表!$M$27:$M$48,[1]对照表!$P$27:$P$48))))) -> 66 | L79: 11 | M79: =IF(B79="高三",IF($E79="男",LOOKUP(L79,[1]对照表!$S$3:$S$24,[1]对照表!$T$3:$T$24),LOOKUP(L79,[1]对照表!$S$27:$S$48,[1]对照表!$T$27:$T$48)),IF(B79="高二",IF($E79="男",LOOKUP(L79,[1]对照表!$R$3:$R$24,[1]对照表!$T$3:$T$24),LOOKUP(L79,[1]对照表!$R$27:$R$48,[1]对照表!$T$27:$T$48)),IF(B79="高一",IF($E79="男",LOOKUP(L79,[1]对照表!$Q$3:$Q$24,[1]对照表!$T$3:$T$24),LOOKUP(L79,[1]对照表!$Q$27:$Q$48,[1]对照表!$T$27:$T$48))))) -> 76 | N79: =IF(B79="高三",MAX(IF(E79="男",L79-18,L79-55),0),IF(B79="高二",MAX(IF(E79="男",L79-17,L79-54),0),IF(B79="高一",MAX(IF(E79="男",L79-16,L79-53),0)))) -> 0 | O79: =IF(E79="男",LOOKUP($N79,[1]对照表!$Z$3:$Z$13,[1]对照表!$AA$3:$AA$13),LOOKUP($N79,[1]对照表!$Z$15:$Z$25,[1]对照表!$AA$15:$AA$25)) -> 0 | P79: =M79+O79 -> 76 | Q79: 4.16 | R79: =IF(B79="高三",IF($E79="男",LOOKUP(Q79,[1]对照表!$W$3:$W$24,[1]对照表!$X$3:$X$24),LOOKUP(Q79,[1]对照表!$W$27:$W$48,[1]对照表!$X$27:$X$48)),IF(B79="高二",IF($E79="男",LOOKUP(Q79,[1]对照表!$V$3:$V$24,[1]对照表!$X$3:$X$24),LOOKUP(Q79,[1]对照表!$V$27:$V$48,[1]对照表!$X$27:$X$48)),IF(B79="高一",IF($E79="男",LOOKUP(Q79,[1]对照表!$U$3:$U$24,[1]对照表!$X$3:$X$24),LOOKUP(Q79,[1]对照表!$U$27:$U$48,[1]对照表!$X$27:$X$48))))) -> 70 | S79: =ROUND(IF(IF($B79="高三",MIN(IF($E79="男",$Q79-3.2,$Q79-3.2),0),IF($B79="高二",MIN(IF($E79="男",$Q79-3.25,$Q79-3.22),0),IF($B79="高一",MIN(IF($E79="男",$Q79-3.3,$Q79-3.24),0))))<-0.6,IF($B79="高三",MIN(IF($E79="男",$Q79-3.2,$Q79-3.2),0),IF($B79="高二",MIN(IF($E79="男",$Q79-3.25,$Q79-3.22),0),IF($B79="高一",MIN(IF($E79="男",$Q79-3.3,$Q79-3.24),0))))+0.4,IF($B79="高三",MIN(IF($E79="男",$Q79-3.2,$Q79-3.2),0),IF($B79="高二",MIN(IF($E79="男",$Q79-3.25,$Q79-3.22),0),IF($B79="高一",MIN(IF($E79="男",$Q79-3.3,$Q79-3.24),0))))),2) -> 0 | T79: =IF(E79="男",LOOKUP($S79,[1]对照表!$AB$3:$AB$13,[1]对照表!$AC$3:$AC$13),LOOKUP($S79,[1]对照表!$AB$15:$AB$25,[1]对照表!$AC$15:$AC$25)) -> 0 | U79: =R79+T79 -> 70 | V79: =SUM(I79,K79,M79)/3*0.3+SUM(G79,R79)/2*0.4 -> 49.6 | W79: =O79+T79 -> 0 | X79: =V79/0.7+W79 -> 70.857143 | Y79: 70.857143
A80: 2 | B80: 高一 | C80: 102 | D80: 陈鸿杰 | E80: 男 | F80: 7.6 | G80: =IF(B80="高三",IF($E80="男",LOOKUP(F80,[1]对照表!$G$3:$G$24,[1]对照表!$H$3:$H$24),LOOKUP(F80,[1]对照表!$G$27:$G$48,[1]对照表!$H$27:$H$48)),IF(B80="高二",IF($E80="男",LOOKUP(F80,[1]对照表!$F$3:$F$24,[1]对照表!$H$3:$H$24),LOOKUP(F80,[1]对照表!$F$27:$F$48,[1]对照表!$H$27:$H$48)),IF(B80="高一",IF($E80="男",LOOKUP(F80,[1]对照表!$E$3:$E$24,[1]对照表!$H$3:$H$24),LOOKUP(F80,[1]对照表!$E$27:$E$48,[1]对照表!$H$27:$H$48))))) -> 78 | H80: 8.5 | I80: =IF(B80="高三",IF($E80="男",LOOKUP(H80,[1]对照表!$K$3:$K$24,[1]对照表!$L$3:$L$24),LOOKUP(H80,[1]对照表!$K$27:$K$48,[1]对照表!$L$27:$L$48)),IF(B80="高二",IF($E80="男",LOOKUP(H80,[1]对照表!$J$3:$J$24,[1]对照表!$L$3:$L$24),LOOKUP(H80,[1]对照表!$J$27:$J$48,[1]对照表!$L$27:$L$48)),IF(B80="高一",IF($E80="男",LOOKUP(H80,[1]对照表!$I$3:$I$24,[1]对照表!$L$3:$L$24),LOOKUP(H80,[1]对照表!$I$27:$I$48,[1]对照表!$L$27:$L$48))))) -> 70 | J80: 217 | K80: =IF(B80="高三",IF($E80="男",LOOKUP(J80,[1]对照表!$O$3:$O$24,[1]对照表!$P$3:$P$24),LOOKUP(J80,[1]对照表!$O$27:$O$48,[1]对照表!$P$27:$P$48)),IF(B80="高二",IF($E80="男",LOOKUP(J80,[1]对照表!$N$3:$N$24,[1]对照表!$P$3:$P$24),LOOKUP(J80,[1]对照表!$N$27:$N$48,[1]对照表!$P$27:$P$48)),IF(B80="高一",IF($E80="男",LOOKUP(J80,[1]对照表!$M$3:$M$24,[1]对照表!$P$3:$P$24),LOOKUP(J80,[1]对照表!$M$27:$M$48,[1]对照表!$P$27:$P$48))))) -> 70 | L80: 5 | M80: =IF(B80="高三",IF($E80="男",LOOKUP(L80,[1]对照表!$S$3:$S$24,[1]对照表!$T$3:$T$24),LOOKUP(L80,[1]对照表!$S$27:$S$48,[1]对照表!$T$27:$T$48)),IF(B80="高二",IF($E80="男",LOOKUP(L80,[1]对照表!$R$3:$R$24,[1]对照表!$T$3:$T$24),LOOKUP(L80,[1]对照表!$R$27:$R$48,[1]对照表!$T$27:$T$48)),IF(B80="高一",IF($E80="男",LOOKUP(L80,[1]对照表!$Q$3:$Q$24,[1]对照表!$T$3:$T$24),LOOKUP(L80,[1]对照表!$Q$27:$Q$48,[1]对照表!$T$27:$T$48))))) -> 40 | N80: =IF(B80="高三",MAX(IF(E80="男",L80-18,L80-55),0),IF(B80="高二",MAX(IF(E80="男",L80-17,L80-54),0),IF(B80="高一",MAX(IF(E80="男",L80-16,L80-53),0)))) -> 0 | O80: =IF(E80="男",LOOKUP($N80,[1]对照表!$Z$3:$Z$13,[1]对照表!$AA$3:$AA$13),LOOKUP($N80,[1]对照表!$Z$15:$Z$25,[1]对照表!$AA$15:$AA$25)) -> 0 | P80: =M80+O80 -> 40 | Q80: 4.3 | R80: =IF(B80="高三",IF($E80="男",LOOKUP(Q80,[1]对照表!$W$3:$W$24,[1]对照表!$X$3:$X$24),LOOKUP(Q80,[1]对照表!$W$27:$W$48,[1]对照表!$X$27:$X$48)),IF(B80="高二",IF($E80="男",LOOKUP(Q80,[1]对照表!$V$3:$V$24,[1]对照表!$X$3:$X$24),LOOKUP(Q80,[1]对照表!$V$27:$V$48,[1]对照表!$X$27:$X$48)),IF(B80="高一",IF($E80="男",LOOKUP(Q80,[1]对照表!$U$3:$U$24,[1]对照表!$X$3:$X$24),LOOKUP(Q80,[1]对照表!$U$27:$U$48,[1]对照表!$X$27:$X$48))))) -> 66 | S80: =ROUND(IF(IF($B80="高三",MIN(IF($E80="男",$Q80-3.2,$Q80-3.2),0),IF($B80="高二",MIN(IF($E80="男",$Q80-3.25,$Q80-3.22),0),IF($B80="高一",MIN(IF($E80="男",$Q80-3.3,$Q80-3.24),0))))<-0.6,IF($B80="高三",MIN(IF($E80="男",$Q80-3.2,$Q80-3.2),0),IF($B80="高二",MIN(IF($E80="男",$Q80-3.25,$Q80-3.22),0),IF($B80="高一",MIN(IF($E80="男",$Q80-3.3,$Q80-3.24),0))))+0.4,IF($B80="高三",MIN(IF($E80="男",$Q80-3.2,$Q80-3.2),0),IF($B80="高二",MIN(IF($E80="男",$Q80-3.25,$Q80-3.22),0),IF($B80="高一",MIN(IF($E80="男",$Q80-3.3,$Q80-3.24),0))))),2) -> 0 | T80: =IF(E80="男",LOOKUP($S80,[1]对照表!$AB$3:$AB$13,[1]对照表!$AC$3:$AC$13),LOOKUP($S80,[1]对照表!$AB$15:$AB$25,[1]对照表!$AC$15:$AC$25)) -> 0 | U80: =R80+T80 -> 66 | V80: =SUM(I80,K80,M80)/3*0.3+SUM(G80,R80)/2*0.4 -> 46.8 | W80: =O80+T80 -> 0 | X80: =V80/0.7+W80 -> 66.857143 | Y80: 66.857143
A81: 18 | B81: 高一 | C81: 102 | D81: 郦孙昊 | E81: 男 | F81: 7.6 | G81: =IF(B81="高三",IF($E81="男",LOOKUP(F81,[1]对照表!$G$3:$G$24,[1]对照表!$H$3:$H$24),LOOKUP(F81,[1]对照表!$G$27:$G$48,[1]对照表!$H$27:$H$48)),IF(B81="高二",IF($E81="男",LOOKUP(F81,[1]对照表!$F$3:$F$24,[1]对照表!$H$3:$H$24),LOOKUP(F81,[1]对照表!$F$27:$F$48,[1]对照表!$H$27:$H$48)),IF(B81="高一",IF($E81="男",LOOKUP(F81,[1]对照表!$E$3:$E$24,[1]对照表!$H$3:$H$24),LOOKUP(F81,[1]对照表!$E$27:$E$48,[1]对照表!$H$27:$H$48))))) -> 78 | H81: 7 | I81: =IF(B81="高三",IF($E81="男",LOOKUP(H81,[1]对照表!$K$3:$K$24,[1]对照表!$L$3:$L$24),LOOKUP(H81,[1]对照表!$K$27:$K$48,[1]对照表!$L$27:$L$48)),IF(B81="高二",IF($E81="男",LOOKUP(H81,[1]对照表!$J$3:$J$24,[1]对照表!$L$3:$L$24),LOOKUP(H81,[1]对照表!$J$27:$J$48,[1]对照表!$L$27:$L$48)),IF(B81="高一",IF($E81="男",LOOKUP(H81,[1]对照表!$I$3:$I$24,[1]对照表!$L$3:$L$24),LOOKUP(H81,[1]对照表!$I$27:$I$48,[1]对照表!$L$27:$L$48))))) -> 68 | J81: 205 | K81: =IF(B81="高三",IF($E81="男",LOOKUP(J81,[1]对照表!$O$3:$O$24,[1]对照表!$P$3:$P$24),LOOKUP(J81,[1]对照表!$O$27:$O$48,[1]对照表!$P$27:$P$48)),IF(B81="高二",IF($E81="男",LOOKUP(J81,[1]对照表!$N$3:$N$24,[1]对照表!$P$3:$P$24),LOOKUP(J81,[1]对照表!$N$27:$N$48,[1]对照表!$P$27:$P$48)),IF(B81="高一",IF($E81="男",LOOKUP(J81,[1]对照表!$M$3:$M$24,[1]对照表!$P$3:$P$24),LOOKUP(J81,[1]对照表!$M$27:$M$48,[1]对照表!$P$27:$P$48))))) -> 64 | L81: 3 | M81: =IF(B81="高三",IF($E81="男",LOOKUP(L81,[1]对照表!$S$3:$S$24,[1]对照表!$T$3:$T$24),LOOKUP(L81,[1]对照表!$S$27:$S$48,[1]对照表!$T$27:$T$48)),IF(B81="高二",IF($E81="男",LOOKUP(L81,[1]对照表!$R$3:$R$24,[1]对照表!$T$3:$T$24),LOOKUP(L81,[1]对照表!$R$27:$R$48,[1]对照表!$T$27:$T$48)),IF(B81="高一",IF($E81="男",LOOKUP(L81,[1]对照表!$Q$3:$Q$24,[1]对照表!$T$3:$T$24),LOOKUP(L81,[1]对照表!$Q$27:$Q$48,[1]对照表!$T$27:$T$48))))) -> 20 | N81: =IF(B81="高三",MAX(IF(E81="男",L81-18,L81-55),0),IF(B81="高二",MAX(IF(E81="男",L81-17,L81-54),0),IF(B81="高一",MAX(IF(E81="男",L81-16,L81-53),0)))) -> 0 | O81: =IF(E81="男",LOOKUP($N81,[1]对照表!$Z$3:$Z$13,[1]对照表!$AA$3:$AA$13),LOOKUP($N81,[1]对照表!$Z$15:$Z$25,[1]对照表!$AA$15:$AA$25)) -> 0 | P81: =M81+O81 -> 20 | Q81: 4.17 | R81: =IF(B81="高三",IF($E81="男",LOOKUP(Q81,[1]对照表!$W$3:$W$24,[1]对照表!$X$3:$X$24),LOOKUP(Q81,[1]对照表!$W$27:$W$48,[1]对照表!$X$27:$X$48)),IF(B81="高二",IF($E81="男",LOOKUP(Q81,[1]对照表!$V$3:$V$24,[1]对照表!$X$3:$X$24),LOOKUP(Q81,[1]对照表!$V$27:$V$48,[1]对照表!$X$27:$X$48)),IF(B81="高一",IF($E81="男",LOOKUP(Q81,[1]对照表!$U$3:$U$24,[1]对照表!$X$3:$X$24),LOOKUP(Q81,[1]对照表!$U$27:$U$48,[1]对照表!$X$27:$X$48))))) -> 70 | S81: =ROUND(IF(IF($B81="高三",MIN(IF($E81="男",$Q81-3.2,$Q81-3.2),0),IF($B81="高二",MIN(IF($E81="男",$Q81-3.25,$Q81-3.22),0),IF($B81="高一",MIN(IF($E81="男",$Q81-3.3,$Q81-3.24),0))))<-0.6,IF($B81="高三",MIN(IF($E81="男",$Q81-3.2,$Q81-3.2),0),IF($B81="高二",MIN(IF($E81="男",$Q81-3.25,$Q81-3.22),0),IF($B81="高一",MIN(IF($E81="男",$Q81-3.3,$Q81-3.24),0))))+0.4,IF($B81="高三",MIN(IF($E81="男",$Q81-3.2,$Q81-3.2),0),IF($B81="高二",MIN(IF($E81="男",$Q81-3.25,$Q81-3.22),0),IF($B81="高一",MIN(IF($E81="男",$Q81-3.3,$Q81-3.24),0))))),2) -> 0 | T81: =IF(E81="男",LOOKUP($S81,[1]对照表!$AB$3:$AB$13,[1]对照表!$AC$3:$AC$13),LOOKUP($S81,[1]对照表!$AB$15:$AB$25,[1]对照表!$AC$15:$AC$25)) -> 0 | U81: =R81+T81 -> 70 | V81: =SUM(I81,K81,M81)/3*0.3+SUM(G81,R81)/2*0.4 -> 44.8 | W81: =O81+T81 -> 0 | X81: =V81/0.7+W81 -> 64 | Y81: 64
A82: 32 | B82: 高一 | C82: 102 | D82: 殷正浩 | E82: 男 | F82: 7.6 | G82: =IF(B82="高三",IF($E82="男",LOOKUP(F82,[1]对照表!$G$3:$G$24,[1]对照表!$H$3:$H$24),LOOKUP(F82,[1]对照表!$G$27:$G$48,[1]对照表!$H$27:$H$48)),IF(B82="高二",IF($E82="男",LOOKUP(F82,[1]对照表!$F$3:$F$24,[1]对照表!$H$3:$H$24),LOOKUP(F82,[1]对照表!$F$27:$F$48,[1]对照表!$H$27:$H$48)),IF(B82="高一",IF($E82="男",LOOKUP(F82,[1]对照表!$E$3:$E$24,[1]对照表!$H$3:$H$24),LOOKUP(F82,[1]对照表!$E$27:$E$48,[1]对照表!$H$27:$H$48))))) -> 78 | H82: 5.6 | I82: =IF(B82="高三",IF($E82="男",LOOKUP(H82,[1]对照表!$K$3:$K$24,[1]对照表!$L$3:$L$24),LOOKUP(H82,[1]对照表!$K$27:$K$48,[1]对照表!$L$27:$L$48)),IF(B82="高二",IF($E82="男",LOOKUP(H82,[1]对照表!$J$3:$J$24,[1]对照表!$L$3:$L$24),LOOKUP(H82,[1]对照表!$J$27:$J$48,[1]对照表!$L$27:$L$48)),IF(B82="高一",IF($E82="男",LOOKUP(H82,[1]对照表!$I$3:$I$24,[1]对照表!$L$3:$L$24),LOOKUP(H82,[1]对照表!$I$27:$I$48,[1]对照表!$L$27:$L$48))))) -> 66 | J82: 207 | K82: =IF(B82="高三",IF($E82="男",LOOKUP(J82,[1]对照表!$O$3:$O$24,[1]对照表!$P$3:$P$24),LOOKUP(J82,[1]对照表!$O$27:$O$48,[1]对照表!$P$27:$P$48)),IF(B82="高二",IF($E82="男",LOOKUP(J82,[1]对照表!$N$3:$N$24,[1]对照表!$P$3:$P$24),LOOKUP(J82,[1]对照表!$N$27:$N$48,[1]对照表!$P$27:$P$48)),IF(B82="高一",IF($E82="男",LOOKUP(J82,[1]对照表!$M$3:$M$24,[1]对照表!$P$3:$P$24),LOOKUP(J82,[1]对照表!$M$27:$M$48,[1]对照表!$P$27:$P$48))))) -> 66 | L82: 7 | M82: =IF(B82="高三",IF($E82="男",LOOKUP(L82,[1]对照表!$S$3:$S$24,[1]对照表!$T$3:$T$24),LOOKUP(L82,[1]对照表!$S$27:$S$48,[1]对照表!$T$27:$T$48)),IF(B82="高二",IF($E82="男",LOOKUP(L82,[1]对照表!$R$3:$R$24,[1]对照表!$T$3:$T$24),LOOKUP(L82,[1]对照表!$R$27:$R$48,[1]对照表!$T$27:$T$48)),IF(B82="高一",IF($E82="男",LOOKUP(L82,[1]对照表!$Q$3:$Q$24,[1]对照表!$T$3:$T$24),LOOKUP(L82,[1]对照表!$Q$27:$Q$48,[1]对照表!$T$27:$T$48))))) -> 60 | N82: =IF(B82="高三",MAX(IF(E82="男",L82-18,L82-55),0),IF(B82="高二",MAX(IF(E82="男",L82-17,L82-54),0),IF(B82="高一",MAX(IF(E82="男",L82-16,L82-53),0)))) -> 0 | O82: =IF(E82="男",LOOKUP($N82,[1]对照表!$Z$3:$Z$13,[1]对照表!$AA$3:$AA$13),LOOKUP($N82,[1]对照表!$Z$15:$Z$25,[1]对照表!$AA$15:$AA$25)) -> 0 | P82: =M82+O82 -> 60 | Q82: 5.01 | R82: =IF(B82="高三",IF($E82="男",LOOKUP(Q82,[1]对照表!$W$3:$W$24,[1]对照表!$X$3:$X$24),LOOKUP(Q82,[1]对照表!$W$27:$W$48,[1]对照表!$X$27:$X$48)),IF(B82="高二",IF($E82="男",LOOKUP(Q82,[1]对照表!$V$3:$V$24,[1]对照表!$X$3:$X$24),LOOKUP(Q82,[1]对照表!$V$27:$V$48,[1]对照表!$X$27:$X$48)),IF(B82="高一",IF($E82="男",LOOKUP(Q82,[1]对照表!$U$3:$U$24,[1]对照表!$X$3:$X$24),LOOKUP(Q82,[1]对照表!$U$27:$U$48,[1]对照表!$X$27:$X$48))))) -> 50 | S82: =ROUND(IF(IF($B82="高三",MIN(IF($E82="男",$Q82-3.2,$Q82-3.2),0),IF($B82="高二",MIN(IF($E82="男",$Q82-3.25,$Q82-3.22),0),IF($B82="高一",MIN(IF($E82="男",$Q82-3.3,$Q82-3.24),0))))<-0.6,IF($B82="高三",MIN(IF($E82="男",$Q82-3.2,$Q82-3.2),0),IF($B82="高二",MIN(IF($E82="男",$Q82-3.25,$Q82-3.22),0),IF($B82="高一",MIN(IF($E82="男",$Q82-3.3,$Q82-3.24),0))))+0.4,IF($B82="高三",MIN(IF($E82="男",$Q82-3.2,$Q82-3.2),0),IF($B82="高二",MIN(IF($E82="男",$Q82-3.25,$Q82-3.22),0),IF($B82="高一",MIN(IF($E82="男",$Q82-3.3,$Q82-3.24),0))))),2) -> 0 | T82: =IF(E82="男",LOOKUP($S82,[1]对照表!$AB$3:$AB$13,[1]对照表!$AC$3:$AC$13),LOOKUP($S82,[1]对照表!$AB$15:$AB$25,[1]对照表!$AC$15:$AC$25)) -> 0 | U82: =R82+T82 -> 50 | V82: =SUM(I82,K82,M82)/3*0.3+SUM(G82,R82)/2*0.4 -> 44.8 | W82: =O82+T82 -> 0 | X82: =V82/0.7+W82 -> 64 | Y82: 64
A83: 28 | B83: 高一 | C83: 102 | D83: 夏钰杰 | E83: 男 | F83: 7.7 | G83: =IF(B83="高三",IF($E83="男",LOOKUP(F83,[1]对照表!$G$3:$G$24,[1]对照表!$H$3:$H$24),LOOKUP(F83,[1]对照表!$G$27:$G$48,[1]对照表!$H$27:$H$48)),IF(B83="高二",IF($E83="男",LOOKUP(F83,[1]对照表!$F$3:$F$24,[1]对照表!$H$3:$H$24),LOOKUP(F83,[1]对照表!$F$27:$F$48,[1]对照表!$H$27:$H$48)),IF(B83="高一",IF($E83="男",LOOKUP(F83,[1]对照表!$E$3:$E$24,[1]对照表!$H$3:$H$24),LOOKUP(F83,[1]对照表!$E$27:$E$48,[1]对照表!$H$27:$H$48))))) -> 78 | H83: 0 | I83: =IF(B83="高三",IF($E83="男",LOOKUP(H83,[1]对照表!$K$3:$K$24,[1]对照表!$L$3:$L$24),LOOKUP(H83,[1]对照表!$K$27:$K$48,[1]对照表!$L$27:$L$48)),IF(B83="高二",IF($E83="男",LOOKUP(H83,[1]对照表!$J$3:$J$24,[1]对照表!$L$3:$L$24),LOOKUP(H83,[1]对照表!$J$27:$J$48,[1]对照表!$L$27:$L$48)),IF(B83="高一",IF($E83="男",LOOKUP(H83,[1]对照表!$I$3:$I$24,[1]对照表!$L$3:$L$24),LOOKUP(H83,[1]对照表!$I$27:$I$48,[1]对照表!$L$27:$L$48))))) -> 50 | J83: 220 | K83: =IF(B83="高三",IF($E83="男",LOOKUP(J83,[1]对照表!$O$3:$O$24,[1]对照表!$P$3:$P$24),LOOKUP(J83,[1]对照表!$O$27:$O$48,[1]对照表!$P$27:$P$48)),IF(B83="高二",IF($E83="男",LOOKUP(J83,[1]对照表!$N$3:$N$24,[1]对照表!$P$3:$P$24),LOOKUP(J83,[1]对照表!$N$27:$N$48,[1]对照表!$P$27:$P$48)),IF(B83="高一",IF($E83="男",LOOKUP(J83,[1]对照表!$M$3:$M$24,[1]对照表!$P$3:$P$24),LOOKUP(J83,[1]对照表!$M$27:$M$48,[1]对照表!$P$27:$P$48))))) -> 72 | L83: 1 | M83: =IF(B83="高三",IF($E83="男",LOOKUP(L83,[1]对照表!$S$3:$S$24,[1]对照表!$T$3:$T$24),LOOKUP(L83,[1]对照表!$S$27:$S$48,[1]对照表!$T$27:$T$48)),IF(B83="高二",IF($E83="男",LOOKUP(L83,[1]对照表!$R$3:$R$24,[1]对照表!$T$3:$T$24),LOOKUP(L83,[1]对照表!$R$27:$R$48,[1]对照表!$T$27:$T$48)),IF(B83="高一",IF($E83="男",LOOKUP(L83,[1]对照表!$Q$3:$Q$24,[1]对照表!$T$3:$T$24),LOOKUP(L83,[1]对照表!$Q$27:$Q$48,[1]对照表!$T$27:$T$48))))) -> 0 | N83: =IF(B83="高三",MAX(IF(E83="男",L83-18,L83-55),0),IF(B83="高二",MAX(IF(E83="男",L83-17,L83-54),0),IF(B83="高一",MAX(IF(E83="男",L83-16,L83-53),0)))) -> 0 | O83: =IF(E83="男",LOOKUP($N83,[1]对照表!$Z$3:$Z$13,[1]对照表!$AA$3:$AA$13),LOOKUP($N83,[1]对照表!$Z$15:$Z$25,[1]对照表!$AA$15:$AA$25)) -> 0 | P83: =M83+O83 -> 0 | Q83: 4.13 | R83: =IF(B83="高三",IF($E83="男",LOOKUP(Q83,[1]对照表!$W$3:$W$24,[1]对照表!$X$3:$X$24),LOOKUP(Q83,[1]对照表!$W$27:$W$48,[1]对照表!$X$27:$X$48)),IF(B83="高二",IF($E83="男",LOOKUP(Q83,[1]对照表!$V$3:$V$24,[1]对照表!$X$3:$X$24),LOOKUP(Q83,[1]对照表!$V$27:$V$48,[1]对照表!$X$27:$X$48)),IF(B83="高一",IF($E83="男",LOOKUP(Q83,[1]对照表!$U$3:$U$24,[1]对照表!$X$3:$X$24),LOOKUP(Q83,[1]对照表!$U$27:$U$48,[1]对照表!$X$27:$X$48))))) -> 72 | S83: =ROUND(IF(IF($B83="高三",MIN(IF($E83="男",$Q83-3.2,$Q83-3.2),0),IF($B83="高二",MIN(IF($E83="男",$Q83-3.25,$Q83-3.22),0),IF($B83="高一",MIN(IF($E83="男",$Q83-3.3,$Q83-3.24),0))))<-0.6,IF($B83="高三",MIN(IF($E83="男",$Q83-3.2,$Q83-3.2),0),IF($B83="高二",MIN(IF($E83="男",$Q83-3.25,$Q83-3.22),0),IF($B83="高一",MIN(IF($E83="男",$Q83-3.3,$Q83-3.24),0))))+0.4,IF($B83="高三",MIN(IF($E83="男",$Q83-3.2,$Q83-3.2),0),IF($B83="高二",MIN(IF($E83="男",$Q83-3.25,$Q83-3.22),0),IF($B83="高一",MIN(IF($E83="男",$Q83-3.3,$Q83-3.24),0))))),2) -> 0 | T83: =IF(E83="男",LOOKUP($S83,[1]对照表!$AB$3:$AB$13,[1]对照表!$AC$3:$AC$13),LOOKUP($S83,[1]对照表!$AB$15:$AB$25,[1]对照表!$AC$15:$AC$25)) -> 0 | U83: =R83+T83 -> 72 | V83: =SUM(I83,K83,M83)/3*0.3+SUM(G83,R83)/2*0.4 -> 42.2 | W83: =O83+T83 -> 0 | X83: =V83/0.7+W83 -> 60.285714 | Y83: 60.285714
A84: 13 | B84: 高一 | C84: 102 | D84: 韩岳霖 | E84: 男 | F84: 7.9 | G84: =IF(B84="高三",IF($E84="男",LOOKUP(F84,[1]对照表!$G$3:$G$24,[1]对照表!$H$3:$H$24),LOOKUP(F84,[1]对照表!$G$27:$G$48,[1]对照表!$H$27:$H$48)),IF(B84="高二",IF($E84="男",LOOKUP(F84,[1]对照表!$F$3:$F$24,[1]对照表!$H$3:$H$24),LOOKUP(F84,[1]对照表!$F$27:$F$48,[1]对照表!$H$27:$H$48)),IF(B84="高一",IF($E84="男",LOOKUP(F84,[1]对照表!$E$3:$E$24,[1]对照表!$H$3:$H$24),LOOKUP(F84,[1]对照表!$E$27:$E$48,[1]对照表!$H$27:$H$48))))) -> 76 | H84: 23.5 | I84: =IF(B84="高三",IF($E84="男",LOOKUP(H84,[1]对照表!$K$3:$K$24,[1]对照表!$L$3:$L$24),LOOKUP(H84,[1]对照表!$K$27:$K$48,[1]对照表!$L$27:$L$48)),IF(B84="高二",IF($E84="男",LOOKUP(H84,[1]对照表!$J$3:$J$24,[1]对照表!$L$3:$L$24),LOOKUP(H84,[1]对照表!$J$27:$J$48,[1]对照表!$L$27:$L$48)),IF(B84="高一",IF($E84="男",LOOKUP(H84,[1]对照表!$I$3:$I$24,[1]对照表!$L$3:$L$24),LOOKUP(H84,[1]对照表!$I$27:$I$48,[1]对照表!$L$27:$L$48))))) -> 95 | J84: 224 | K84: =IF(B84="高三",IF($E84="男",LOOKUP(J84,[1]对照表!$O$3:$O$24,[1]对照表!$P$3:$P$24),LOOKUP(J84,[1]对照表!$O$27:$O$48,[1]对照表!$P$27:$P$48)),IF(B84="高二",IF($E84="男",LOOKUP(J84,[1]对照表!$N$3:$N$24,[1]对照表!$P$3:$P$24),LOOKUP(J84,[1]对照表!$N$27:$N$48,[1]对照表!$P$27:$P$48)),IF(B84="高一",IF($E84="男",LOOKUP(J84,[1]对照表!$M$3:$M$24,[1]对照表!$P$3:$P$24),LOOKUP(J84,[1]对照表!$M$27:$M$48,[1]对照表!$P$27:$P$48))))) -> 74 | L84: 0 | M84: =IF(B84="高三",IF($E84="男",LOOKUP(L84,[1]对照表!$S$3:$S$24,[1]对照表!$T$3:$T$24),LOOKUP(L84,[1]对照表!$S$27:$S$48,[1]对照表!$T$27:$T$48)),IF(B84="高二",IF($E84="男",LOOKUP(L84,[1]对照表!$R$3:$R$24,[1]对照表!$T$3:$T$24),LOOKUP(L84,[1]对照表!$R$27:$R$48,[1]对照表!$T$27:$T$48)),IF(B84="高一",IF($E84="男",LOOKUP(L84,[1]对照表!$Q$3:$Q$24,[1]对照表!$T$3:$T$24),LOOKUP(L84,[1]对照表!$Q$27:$Q$48,[1]对照表!$T$27:$T$48))))) -> 0 | N84: =IF(B84="高三",MAX(IF(E84="男",L84-18,L84-55),0),IF(B84="高二",MAX(IF(E84="男",L84-17,L84-54),0),IF(B84="高一",MAX(IF(E84="男",L84-16,L84-53),0)))) -> 0 | O84: =IF(E84="男",LOOKUP($N84,[1]对照表!$Z$3:$Z$13,[1]对照表!$AA$3:$AA$13),LOOKUP($N84,[1]对照表!$Z$15:$Z$25,[1]对照表!$AA$15:$AA$25)) -> 0 | P84: =M84+O84 -> 0 | Q84: 4.55 | R84: =IF(B84="高三",IF($E84="男",LOOKUP(Q84,[1]对照表!$W$3:$W$24,[1]对照表!$X$3:$X$24),LOOKUP(Q84,[1]对照表!$W$27:$W$48,[1]对照表!$X$27:$X$48)),IF(B84="高二",IF($E84="男",LOOKUP(Q84,[1]对照表!$V$3:$V$24,[1]对照表!$X$3:$X$24),LOOKUP(Q84,[1]对照表!$V$27:$V$48,[1]对照表!$X$27:$X$48)),IF(B84="高一",IF($E84="男",LOOKUP(Q84,[1]对照表!$U$3:$U$24,[1]对照表!$X$3:$X$24),LOOKUP(Q84,[1]对照表!$U$27:$U$48,[1]对照表!$X$27:$X$48))))) -> 50 | S84: =ROUND(IF(IF($B84="高三",MIN(IF($E84="男",$Q84-3.2,$Q84-3.2),0),IF($B84="高二",MIN(IF($E84="男",$Q84-3.25,$Q84-3.22),0),IF($B84="高一",MIN(IF($E84="男",$Q84-3.3,$Q84-3.24),0))))<-0.6,IF($B84="高三",MIN(IF($E84="男",$Q84-3.2,$Q84-3.2),0),IF($B84="高二",MIN(IF($E84="男",$Q84-3.25,$Q84-3.22),0),IF($B84="高一",MIN(IF($E84="男",$Q84-3.3,$Q84-3.24),0))))+0.4,IF($B84="高三",MIN(IF($E84="男",$Q84-3.2,$Q84-3.2),0),IF($B84="高二",MIN(IF($E84="男",$Q84-3.25,$Q84-3.22),0),IF($B84="高一",MIN(IF($E84="男",$Q84-3.3,$Q84-3.24),0))))),2) -> 0 | T84: =IF(E84="男",LOOKUP($S84,[1]对照表!$AB$3:$AB$13,[1]对照表!$AC$3:$AC$13),LOOKUP($S84,[1]对照表!$AB$15:$AB$25,[1]对照表!$AC$15:$AC$25)) -> 0 | U84: =R84+T84 -> 50 | V84: =SUM(I84,K84,M84)/3*0.3+SUM(G84,R84)/2*0.4 -> 42.1 | W84: =O84+T84 -> 0 | X84: =V84/0.7+W84 -> 60.142857 | Y84: 60.142857
A85: 40 | B85: 高一 | C85: 102 | D85: 管歆乐 | E85: 女 | F85: 9.39 | G85: =IF(B85="高三",IF($E85="男",LOOKUP(F85,[1]对照表!$G$3:$G$24,[1]对照表!$H$3:$H$24),LOOKUP(F85,[1]对照表!$G$27:$G$48,[1]对照表!$H$27:$H$48)),IF(B85="高二",IF($E85="男",LOOKUP(F85,[1]对照表!$F$3:$F$24,[1]对照表!$H$3:$H$24),LOOKUP(F85,[1]对照表!$F$27:$F$48,[1]对照表!$H$27:$H$48)),IF(B85="高一",IF($E85="男",LOOKUP(F85,[1]对照表!$E$3:$E$24,[1]对照表!$H$3:$H$24),LOOKUP(F85,[1]对照表!$E$27:$E$48,[1]对照表!$H$27:$H$48))))) -> 72 | H85: 17 | I85: =IF(B85="高三",IF($E85="男",LOOKUP(H85,[1]对照表!$K$3:$K$24,[1]对照表!$L$3:$L$24),LOOKUP(H85,[1]对照表!$K$27:$K$48,[1]对照表!$L$27:$L$48)),IF(B85="高二",IF($E85="男",LOOKUP(H85,[1]对照表!$J$3:$J$24,[1]对照表!$L$3:$L$24),LOOKUP(H85,[1]对照表!$J$27:$J$48,[1]对照表!$L$27:$L$48)),IF(B85="高一",IF($E85="男",LOOKUP(H85,[1]对照表!$I$3:$I$24,[1]对照表!$L$3:$L$24),LOOKUP(H85,[1]对照表!$I$27:$I$48,[1]对照表!$L$27:$L$48))))) -> 78 | J85: 165 | K85: =IF(B85="高三",IF($E85="男",LOOKUP(J85,[1]对照表!$O$3:$O$24,[1]对照表!$P$3:$P$24),LOOKUP(J85,[1]对照表!$O$27:$O$48,[1]对照表!$P$27:$P$48)),IF(B85="高二",IF($E85="男",LOOKUP(J85,[1]对照表!$N$3:$N$24,[1]对照表!$P$3:$P$24),LOOKUP(J85,[1]对照表!$N$27:$N$48,[1]对照表!$P$27:$P$48)),IF(B85="高一",IF($E85="男",LOOKUP(J85,[1]对照表!$M$3:$M$24,[1]对照表!$P$3:$P$24),LOOKUP(J85,[1]对照表!$M$27:$M$48,[1]对照表!$P$27:$P$48))))) -> 70 | L85: 45 | M85: =IF(B85="高三",IF($E85="男",LOOKUP(L85,[1]对照表!$S$3:$S$24,[1]对照表!$T$3:$T$24),LOOKUP(L85,[1]对照表!$S$27:$S$48,[1]对照表!$T$27:$T$48)),IF(B85="高二",IF($E85="男",LOOKUP(L85,[1]对照表!$R$3:$R$24,[1]对照表!$T$3:$T$24),LOOKUP(L85,[1]对照表!$R$27:$R$48,[1]对照表!$T$27:$T$48)),IF(B85="高一",IF($E85="男",LOOKUP(L85,[1]对照表!$Q$3:$Q$24,[1]对照表!$T$3:$T$24),LOOKUP(L85,[1]对照表!$Q$27:$Q$48,[1]对照表!$T$27:$T$48))))) -> 80 | N85: =IF(B85="高三",MAX(IF(E85="男",L85-18,L85-55),0),IF(B85="高二",MAX(IF(E85="男",L85-17,L85-54),0),IF(B85="高一",MAX(IF(E85="男",L85-16,L85-53),0)))) -> 0 | O85: =IF(E85="男",LOOKUP($N85,[1]对照表!$Z$3:$Z$13,[1]对照表!$AA$3:$AA$13),LOOKUP($N85,[1]对照表!$Z$15:$Z$25,[1]对照表!$AA$15:$AA$25)) -> 0 | P85: =M85+O85 -> 80 | Q85: 3.53 | R85: =IF(B85="高三",IF($E85="男",LOOKUP(Q85,[1]对照表!$W$3:$W$24,[1]对照表!$X$3:$X$24),LOOKUP(Q85,[1]对照表!$W$27:$W$48,[1]对照表!$X$27:$X$48)),IF(B85="高二",IF($E85="男",LOOKUP(Q85,[1]对照表!$V$3:$V$24,[1]对照表!$X$3:$X$24),LOOKUP(Q85,[1]对照表!$V$27:$V$48,[1]对照表!$X$27:$X$48)),IF(B85="高一",IF($E85="男",LOOKUP(Q85,[1]对照表!$U$3:$U$24,[1]对照表!$X$3:$X$24),LOOKUP(Q85,[1]对照表!$U$27:$U$48,[1]对照表!$X$27:$X$48))))) -> 78 | S85: =ROUND(IF(IF($B85="高三",MIN(IF($E85="男",$Q85-3.2,$Q85-3.2),0),IF($B85="高二",MIN(IF($E85="男",$Q85-3.25,$Q85-3.22),0),IF($B85="高一",MIN(IF($E85="男",$Q85-3.3,$Q85-3.24),0))))<-0.6,IF($B85="高三",MIN(IF($E85="男",$Q85-3.2,$Q85-3.2),0),IF($B85="高二",MIN(IF($E85="男",$Q85-3.25,$Q85-3.22),0),IF($B85="高一",MIN(IF($E85="男",$Q85-3.3,$Q85-3.24),0))))+0.4,IF($B85="高三",MIN(IF($E85="男",$Q85-3.2,$Q85-3.2),0),IF($B85="高二",MIN(IF($E85="男",$Q85-3.25,$Q85-3.22),0),IF($B85="高一",MIN(IF($E85="男",$Q85-3.3,$Q85-3.24),0))))),2) -> 0 | T85: =IF(E85="男",LOOKUP($S85,[1]对照表!$AB$3:$AB$13,[1]对照表!$AC$3:$AC$13),LOOKUP($S85,[1]对照表!$AB$15:$AB$25,[1]对照表!$AC$15:$AC$25)) -> 0 | U85: =R85+T85 -> 78 | V85: =SUM(I85,K85,M85)/3*0.3+SUM(G85,R85)/2*0.4 -> 52.8 | W85: =O85+T85 -> 0 | X85: =V85/0.7+W85 -> 75.428571 | Y85: 75.428571
A86: 19 | B86: 高一 | C86: 102 | D86: 鲁周祺 | E86: 男 | F86: 8.1 | G86: =IF(B86="高三",IF($E86="男",LOOKUP(F86,[1]对照表!$G$3:$G$24,[1]对照表!$H$3:$H$24),LOOKUP(F86,[1]对照表!$G$27:$G$48,[1]对照表!$H$27:$H$48)),IF(B86="高二",IF($E86="男",LOOKUP(F86,[1]对照表!$F$3:$F$24,[1]对照表!$H$3:$H$24),LOOKUP(F86,[1]对照表!$F$27:$F$48,[1]对照表!$H$27:$H$48)),IF(B86="高一",IF($E86="男",LOOKUP(F86,[1]对照表!$E$3:$E$24,[1]对照表!$H$3:$H$24),LOOKUP(F86,[1]对照表!$E$27:$E$48,[1]对照表!$H$27:$H$48))))) -> 74 | H86: 9 | I86: =IF(B86="高三",IF($E86="男",LOOKUP(H86,[1]对照表!$K$3:$K$24,[1]对照表!$L$3:$L$24),LOOKUP(H86,[1]对照表!$K$27:$K$48,[1]对照表!$L$27:$L$48)),IF(B86="高二",IF($E86="男",LOOKUP(H86,[1]对照表!$J$3:$J$24,[1]对照表!$L$3:$L$24),LOOKUP(H86,[1]对照表!$J$27:$J$48,[1]对照表!$L$27:$L$48)),IF(B86="高一",IF($E86="男",LOOKUP(H86,[1]对照表!$I$3:$I$24,[1]对照表!$L$3:$L$24),LOOKUP(H86,[1]对照表!$I$27:$I$48,[1]对照表!$L$27:$L$48))))) -> 70 | J86: 207 | K86: =IF(B86="高三",IF($E86="男",LOOKUP(J86,[1]对照表!$O$3:$O$24,[1]对照表!$P$3:$P$24),LOOKUP(J86,[1]对照表!$O$27:$O$48,[1]对照表!$P$27:$P$48)),IF(B86="高二",IF($E86="男",LOOKUP(J86,[1]对照表!$N$3:$N$24,[1]对照表!$P$3:$P$24),LOOKUP(J86,[1]对照表!$N$27:$N$48,[1]对照表!$P$27:$P$48)),IF(B86="高一",IF($E86="男",LOOKUP(J86,[1]对照表!$M$3:$M$24,[1]对照表!$P$3:$P$24),LOOKUP(J86,[1]对照表!$M$27:$M$48,[1]对照表!$P$27:$P$48))))) -> 66 | L86: 0 | M86: =IF(B86="高三",IF($E86="男",LOOKUP(L86,[1]对照表!$S$3:$S$24,[1]对照表!$T$3:$T$24),LOOKUP(L86,[1]对照表!$S$27:$S$48,[1]对照表!$T$27:$T$48)),IF(B86="高二",IF($E86="男",LOOKUP(L86,[1]对照表!$R$3:$R$24,[1]对照表!$T$3:$T$24),LOOKUP(L86,[1]对照表!$R$27:$R$48,[1]对照表!$T$27:$T$48)),IF(B86="高一",IF($E86="男",LOOKUP(L86,[1]对照表!$Q$3:$Q$24,[1]对照表!$T$3:$T$24),LOOKUP(L86,[1]对照表!$Q$27:$Q$48,[1]对照表!$T$27:$T$48))))) -> 0 | N86: =IF(B86="高三",MAX(IF(E86="男",L86-18,L86-55),0),IF(B86="高二",MAX(IF(E86="男",L86-17,L86-54),0),IF(B86="高一",MAX(IF(E86="男",L86-16,L86-53),0)))) -> 0 | O86: =IF(E86="男",LOOKUP($N86,[1]对照表!$Z$3:$Z$13,[1]对照表!$AA$3:$AA$13),LOOKUP($N86,[1]对照表!$Z$15:$Z$25,[1]对照表!$AA$15:$AA$25)) -> 0 | P86: =M86+O86 -> 0 | Q86: 4.5 | R86: =IF(B86="高三",IF($E86="男",LOOKUP(Q86,[1]对照表!$W$3:$W$24,[1]对照表!$X$3:$X$24),LOOKUP(Q86,[1]对照表!$W$27:$W$48,[1]对照表!$X$27:$X$48)),IF(B86="高二",IF($E86="男",LOOKUP(Q86,[1]对照表!$V$3:$V$24,[1]对照表!$X$3:$X$24),LOOKUP(Q86,[1]对照表!$V$27:$V$48,[1]对照表!$X$27:$X$48)),IF(B86="高一",IF($E86="男",LOOKUP(Q86,[1]对照表!$U$3:$U$24,[1]对照表!$X$3:$X$24),LOOKUP(Q86,[1]对照表!$U$27:$U$48,[1]对照表!$X$27:$X$48))))) -> 50 | S86: =ROUND(IF(IF($B86="高三",MIN(IF($E86="男",$Q86-3.2,$Q86-3.2),0),IF($B86="高二",MIN(IF($E86="男",$Q86-3.25,$Q86-3.22),0),IF($B86="高一",MIN(IF($E86="男",$Q86-3.3,$Q86-3.24),0))))<-0.6,IF($B86="高三",MIN(IF($E86="男",$Q86-3.2,$Q86-3.2),0),IF($B86="高二",MIN(IF($E86="男",$Q86-3.25,$Q86-3.22),0),IF($B86="高一",MIN(IF($E86="男",$Q86-3.3,$Q86-3.24),0))))+0.4,IF($B86="高三",MIN(IF($E86="男",$Q86-3.2,$Q86-3.2),0),IF($B86="高二",MIN(IF($E86="男",$Q86-3.25,$Q86-3.22),0),IF($B86="高一",MIN(IF($E86="男",$Q86-3.3,$Q86-3.24),0))))),2) -> 0 | T86: =IF(E86="男",LOOKUP($S86,[1]对照表!$AB$3:$AB$13,[1]对照表!$AC$3:$AC$13),LOOKUP($S86,[1]对照表!$AB$15:$AB$25,[1]对照表!$AC$15:$AC$25)) -> 0 | U86: =R86+T86 -> 50 | V86: =SUM(I86,K86,M86)/3*0.3+SUM(G86,R86)/2*0.4 -> 38.4 | W86: =O86+T86 -> 0 | X86: =V86/0.7+W86 -> 54.857143 | Y86: 54.857143
A87: 34 | B87: 高一 | C87: 102 | D87: 余沈诗扬 | E87: 男 | F87: 12.1 | G87: =IF(B87="高三",IF($E87="男",LOOKUP(F87,[1]对照表!$G$3:$G$24,[1]对照表!$H$3:$H$24),LOOKUP(F87,[1]对照表!$G$27:$G$48,[1]对照表!$H$27:$H$48)),IF(B87="高二",IF($E87="男",LOOKUP(F87,[1]对照表!$F$3:$F$24,[1]对照表!$H$3:$H$24),LOOKUP(F87,[1]对照表!$F$27:$F$48,[1]对照表!$H$27:$H$48)),IF(B87="高一",IF($E87="男",LOOKUP(F87,[1]对照表!$E$3:$E$24,[1]对照表!$H$3:$H$24),LOOKUP(F87,[1]对照表!$E$27:$E$48,[1]对照表!$H$27:$H$48))))) -> 0 | H87: 0 | I87: =IF(B87="高三",IF($E87="男",LOOKUP(H87,[1]对照表!$K$3:$K$24,[1]对照表!$L$3:$L$24),LOOKUP(H87,[1]对照表!$K$27:$K$48,[1]对照表!$L$27:$L$48)),IF(B87="高二",IF($E87="男",LOOKUP(H87,[1]对照表!$J$3:$J$24,[1]对照表!$L$3:$L$24),LOOKUP(H87,[1]对照表!$J$27:$J$48,[1]对照表!$L$27:$L$48)),IF(B87="高一",IF($E87="男",LOOKUP(H87,[1]对照表!$I$3:$I$24,[1]对照表!$L$3:$L$24),LOOKUP(H87,[1]对照表!$I$27:$I$48,[1]对照表!$L$27:$L$48))))) -> 50 | J87: 186 | K87: =IF(B87="高三",IF($E87="男",LOOKUP(J87,[1]对照表!$O$3:$O$24,[1]对照表!$P$3:$P$24),LOOKUP(J87,[1]对照表!$O$27:$O$48,[1]对照表!$P$27:$P$48)),IF(B87="高二",IF($E87="男",LOOKUP(J87,[1]对照表!$N$3:$N$24,[1]对照表!$P$3:$P$24),LOOKUP(J87,[1]对照表!$N$27:$N$48,[1]对照表!$P$27:$P$48)),IF(B87="高一",IF($E87="男",LOOKUP(J87,[1]对照表!$M$3:$M$24,[1]对照表!$P$3:$P$24),LOOKUP(J87,[1]对照表!$M$27:$M$48,[1]对照表!$P$27:$P$48))))) -> 40 | L87: 0 | M87: =IF(B87="高三",IF($E87="男",LOOKUP(L87,[1]对照表!$S$3:$S$24,[1]对照表!$T$3:$T$24),LOOKUP(L87,[1]对照表!$S$27:$S$48,[1]对照表!$T$27:$T$48)),IF(B87="高二",IF($E87="男",LOOKUP(L87,[1]对照表!$R$3:$R$24,[1]对照表!$T$3:$T$24),LOOKUP(L87,[1]对照表!$R$27:$R$48,[1]对照表!$T$27:$T$48)),IF(B87="高一",IF($E87="男",LOOKUP(L87,[1]对照表!$Q$3:$Q$24,[1]对照表!$T$3:$T$24),LOOKUP(L87,[1]对照表!$Q$27:$Q$48,[1]对照表!$T$27:$T$48))))) -> 0 | N87: =IF(B87="高三",MAX(IF(E87="男",L87-18,L87-55),0),IF(B87="高二",MAX(IF(E87="男",L87-17,L87-54),0),IF(B87="高一",MAX(IF(E87="男",L87-16,L87-53),0)))) -> 0 | O87: =IF(E87="男",LOOKUP($N87,[1]对照表!$Z$3:$Z$13,[1]对照表!$AA$3:$AA$13),LOOKUP($N87,[1]对照表!$Z$15:$Z$25,[1]对照表!$AA$15:$AA$25)) -> 0 | P87: =M87+O87 -> 0 | R87: 0 | S87: 0 | T87: =IF(E87="男",LOOKUP($S87,[1]对照表!$AB$3:$AB$13,[1]对照表!$AC$3:$AC$13),LOOKUP($S87,[1]对照表!$AB$15:$AB$25,[1]对照表!$AC$15:$AC$25)) -> 0 | U87: =R87+T87 -> 0 | V87: =SUM(I87,K87,M87)/3*0.3+SUM(G87,R87)/2*0.4 -> 9 | W87: =O87+T87 -> 0 | X87: =V87/0.7+W87 -> 12.857143 | Y87: 50
A88: 5 | B88: 高一 | C88: 102 | D88: 陈泽鑫 | E88: 男 | G88: 0 | H88: 13 | I88: =IF(B88="高三",IF($E88="男",LOOKUP(H88,[1]对照表!$K$3:$K$24,[1]对照表!$L$3:$L$24),LOOKUP(H88,[1]对照表!$K$27:$K$48,[1]对照表!$L$27:$L$48)),IF(B88="高二",IF($E88="男",LOOKUP(H88,[1]对照表!$J$3:$J$24,[1]对照表!$L$3:$L$24),LOOKUP(H88,[1]对照表!$J$27:$J$48,[1]对照表!$L$27:$L$48)),IF(B88="高一",IF($E88="男",LOOKUP(H88,[1]对照表!$I$3:$I$24,[1]对照表!$L$3:$L$24),LOOKUP(H88,[1]对照表!$I$27:$I$48,[1]对照表!$L$27:$L$48))))) -> 76 | K88: 0 | L88: 13 | M88: =IF(B88="高三",IF($E88="男",LOOKUP(L88,[1]对照表!$S$3:$S$24,[1]对照表!$T$3:$T$24),LOOKUP(L88,[1]对照表!$S$27:$S$48,[1]对照表!$T$27:$T$48)),IF(B88="高二",IF($E88="男",LOOKUP(L88,[1]对照表!$R$3:$R$24,[1]对照表!$T$3:$T$24),LOOKUP(L88,[1]对照表!$R$27:$R$48,[1]对照表!$T$27:$T$48)),IF(B88="高一",IF($E88="男",LOOKUP(L88,[1]对照表!$Q$3:$Q$24,[1]对照表!$T$3:$T$24),LOOKUP(L88,[1]对照表!$Q$27:$Q$48,[1]对照表!$T$27:$T$48))))) -> 85 | N88: =IF(B88="高三",MAX(IF(E88="男",L88-18,L88-55),0),IF(B88="高二",MAX(IF(E88="男",L88-17,L88-54),0),IF(B88="高一",MAX(IF(E88="男",L88-16,L88-53),0)))) -> 0 | O88: =IF(E88="男",LOOKUP($N88,[1]对照表!$Z$3:$Z$13,[1]对照表!$AA$3:$AA$13),LOOKUP($N88,[1]对照表!$Z$15:$Z$25,[1]对照表!$AA$15:$AA$25)) -> 0 | P88: =M88+O88 -> 85 | R88: 0 | S88: 0 | T88: =IF(E88="男",LOOKUP($S88,[1]对照表!$AB$3:$AB$13,[1]对照表!$AC$3:$AC$13),LOOKUP($S88,[1]对照表!$AB$15:$AB$25,[1]对照表!$AC$15:$AC$25)) -> 0 | U88: =R88+T88 -> 0 | V88: =SUM(I88,K88,M88)/3*0.3+SUM(G88,R88)/2*0.4 -> 16.1 | W88: =O88+T88 -> 0 | X88: =V88/0.7+W88 -> 23 | Y88: 50 | Z88: 扭伤
A89: 26 | B89: 高一 | C89: 102 | D89: 吴沁宇 | E89: 男 | G89: 0 | H89: 19 | I89: =IF(B89="高三",IF($E89="男",LOOKUP(H89,[1]对照表!$K$3:$K$24,[1]对照表!$L$3:$L$24),LOOKUP(H89,[1]对照表!$K$27:$K$48,[1]对照表!$L$27:$L$48)),IF(B89="高二",IF($E89="男",LOOKUP(H89,[1]对照表!$J$3:$J$24,[1]对照表!$L$3:$L$24),LOOKUP(H89,[1]对照表!$J$27:$J$48,[1]对照表!$L$27:$L$48)),IF(B89="高一",IF($E89="男",LOOKUP(H89,[1]对照表!$I$3:$I$24,[1]对照表!$L$3:$L$24),LOOKUP(H89,[1]对照表!$I$27:$I$48,[1]对照表!$L$27:$L$48))))) -> 85 | J89: 234 | K89: =IF(B89="高三",IF($E89="男",LOOKUP(J89,[1]对照表!$O$3:$O$24,[1]对照表!$P$3:$P$24),LOOKUP(J89,[1]对照表!$O$27:$O$48,[1]对照表!$P$27:$P$48)),IF(B89="高二",IF($E89="男",LOOKUP(J89,[1]对照表!$N$3:$N$24,[1]对照表!$P$3:$P$24),LOOKUP(J89,[1]对照表!$N$27:$N$48,[1]对照表!$P$27:$P$48)),IF(B89="高一",IF($E89="男",LOOKUP(J89,[1]对照表!$M$3:$M$24,[1]对照表!$P$3:$P$24),LOOKUP(J89,[1]对照表!$M$27:$M$48,[1]对照表!$P$27:$P$48))))) -> 78 | L89: 11 | M89: =IF(B89="高三",IF($E89="男",LOOKUP(L89,[1]对照表!$S$3:$S$24,[1]对照表!$T$3:$T$24),LOOKUP(L89,[1]对照表!$S$27:$S$48,[1]对照表!$T$27:$T$48)),IF(B89="高二",IF($E89="男",LOOKUP(L89,[1]对照表!$R$3:$R$24,[1]对照表!$T$3:$T$24),LOOKUP(L89,[1]对照表!$R$27:$R$48,[1]对照表!$T$27:$T$48)),IF(B89="高一",IF($E89="男",LOOKUP(L89,[1]对照表!$Q$3:$Q$24,[1]对照表!$T$3:$T$24),LOOKUP(L89,[1]对照表!$Q$27:$Q$48,[1]对照表!$T$27:$T$48))))) -> 76 | N89: =IF(B89="高三",MAX(IF(E89="男",L89-18,L89-55),0),IF(B89="高二",MAX(IF(E89="男",L89-17,L89-54),0),IF(B89="高一",MAX(IF(E89="男",L89-16,L89-53),0)))) -> 0 | O89: =IF(E89="男",LOOKUP($N89,[1]对照表!$Z$3:$Z$13,[1]对照表!$AA$3:$AA$13),LOOKUP($N89,[1]对照表!$Z$15:$Z$25,[1]对照表!$AA$15:$AA$25)) -> 0 | P89: =M89+O89 -> 76 | R89: 0 | S89: 0 | T89: =IF(E89="男",LOOKUP($S89,[1]对照表!$AB$3:$AB$13,[1]对照表!$AC$3:$AC$13),LOOKUP($S89,[1]对照表!$AB$15:$AB$25,[1]对照表!$AC$15:$AC$25)) -> 0 | U89: =R89+T89 -> 0 | V89: =SUM(I89,K89,M89)/3*0.3+SUM(G89,R89)/2*0.4 -> 23.9 | W89: =O89+T89 -> 0 | X89: =V89/0.7+W89 -> 34.142857 | Y89: 50 | Z89: 骨折
A90: 15 | B90: 高一 | C90: 102 | D90: 黄晨熠 | E90: 男 | G90: 0 | I90: 0 | K90: 0 | M90: 0 | N90: 0 | O90: =IF(E90="男",LOOKUP($N90,[1]对照表!$Z$3:$Z$13,[1]对照表!$AA$3:$AA$13),LOOKUP($N90,[1]对照表!$Z$15:$Z$25,[1]对照表!$AA$15:$AA$25)) -> 0 | P90: =M90+O90 -> 0 | R90: 0 | S90: 0 | T90: =IF(E90="男",LOOKUP($S90,[1]对照表!$AB$3:$AB$13,[1]对照表!$AC$3:$AC$13),LOOKUP($S90,[1]对照表!$AB$15:$AB$25,[1]对照表!$AC$15:$AC$25)) -> 0 | U90: =R90+T90 -> 0 | V90: =SUM(I90,K90,M90)/3*0.3+SUM(G90,R90)/2*0.4 -> 0 | W90: =O90+T90 -> 0 | X90: =V90/0.7+W90 -> 0 | Y90: 50
A91: 38 | B91: 高一 | C91: 102 | D91: 朱泽思鸣 | E91: 男 | G91: 0 | I91: 0 | K91: 0 | M91: 0 | N91: 0 | O91: =IF(E91="男",LOOKUP($N91,[1]对照表!$Z$3:$Z$13,[1]对照表!$AA$3:$AA$13),LOOKUP($N91,[1]对照表!$Z$15:$Z$25,[1]对照表!$AA$15:$AA$25)) -> 0 | P91: =M91+O91 -> 0 | R91: 0 | S91: 0 | T91: =IF(E91="男",LOOKUP($S91,[1]对照表!$AB$3:$AB$13,[1]对照表!$AC$3:$AC$13),LOOKUP($S91,[1]对照表!$AB$15:$AB$25,[1]对照表!$AC$15:$AC$25)) -> 0 | U91: =R91+T91 -> 0 | V91: =SUM(I91,K91,M91)/3*0.3+SUM(G91,R91)/2*0.4 -> 0 | W91: =O91+T91 -> 0 | X91: =V91/0.7+W91 -> 0 | Y91: 50 | Z91: 手术
A92: 42 | B92: 高一 | C92: 102 | D92: 金则灵 | E92: 女 | F92: 8.57 | G92: =IF(B92="高三",IF($E92="男",LOOKUP(F92,[1]对照表!$G$3:$G$24,[1]对照表!$H$3:$H$24),LOOKUP(F92,[1]对照表!$G$27:$G$48,[1]对照表!$H$27:$H$48)),IF(B92="高二",IF($E92="男",LOOKUP(F92,[1]对照表!$F$3:$F$24,[1]对照表!$H$3:$H$24),LOOKUP(F92,[1]对照表!$F$27:$F$48,[1]对照表!$H$27:$H$48)),IF(B92="高一",IF($E92="男",LOOKUP(F92,[1]对照表!$E$3:$E$24,[1]对照表!$H$3:$H$24),LOOKUP(F92,[1]对照表!$E$27:$E$48,[1]对照表!$H$27:$H$48))))) -> 80 | H92: 19 | I92: =IF(B92="高三",IF($E92="男",LOOKUP(H92,[1]对照表!$K$3:$K$24,[1]对照表!$L$3:$L$24),LOOKUP(H92,[1]对照表!$K$27:$K$48,[1]对照表!$L$27:$L$48)),IF(B92="高二",IF($E92="男",LOOKUP(H92,[1]对照表!$J$3:$J$24,[1]对照表!$L$3:$L$24),LOOKUP(H92,[1]对照表!$J$27:$J$48,[1]对照表!$L$27:$L$48)),IF(B92="高一",IF($E92="男",LOOKUP(H92,[1]对照表!$I$3:$I$24,[1]对照表!$L$3:$L$24),LOOKUP(H92,[1]对照表!$I$27:$I$48,[1]对照表!$L$27:$L$48))))) -> 80 | J92: 210 | K92: =IF(B92="高三",IF($E92="男",LOOKUP(J92,[1]对照表!$O$3:$O$24,[1]对照表!$P$3:$P$24),LOOKUP(J92,[1]对照表!$O$27:$O$48,[1]对照表!$P$27:$P$48)),IF(B92="高二",IF($E92="男",LOOKUP(J92,[1]对照表!$N$3:$N$24,[1]对照表!$P$3:$P$24),LOOKUP(J92,[1]对照表!$N$27:$N$48,[1]对照表!$P$27:$P$48)),IF(B92="高一",IF($E92="男",LOOKUP(J92,[1]对照表!$M$3:$M$24,[1]对照表!$P$3:$P$24),LOOKUP(J92,[1]对照表!$M$27:$M$48,[1]对照表!$P$27:$P$48))))) -> 100 | L92: 46 | M92: =IF(B92="高三",IF($E92="男",LOOKUP(L92,[1]对照表!$S$3:$S$24,[1]对照表!$T$3:$T$24),LOOKUP(L92,[1]对照表!$S$27:$S$48,[1]对照表!$T$27:$T$48)),IF(B92="高二",IF($E92="男",LOOKUP(L92,[1]对照表!$R$3:$R$24,[1]对照表!$T$3:$T$24),LOOKUP(L92,[1]对照表!$R$27:$R$48,[1]对照表!$T$27:$T$48)),IF(B92="高一",IF($E92="男",LOOKUP(L92,[1]对照表!$Q$3:$Q$24,[1]对照表!$T$3:$T$24),LOOKUP(L92,[1]对照表!$Q$27:$Q$48,[1]对照表!$T$27:$T$48))))) -> 85 | N92: =IF(B92="高三",MAX(IF(E92="男",L92-18,L92-55),0),IF(B92="高二",MAX(IF(E92="男",L92-17,L92-54),0),IF(B92="高一",MAX(IF(E92="男",L92-16,L92-53),0)))) -> 0 | O92: =IF(E92="男",LOOKUP($N92,[1]对照表!$Z$3:$Z$13,[1]对照表!$AA$3:$AA$13),LOOKUP($N92,[1]对照表!$Z$15:$Z$25,[1]对照表!$AA$15:$AA$25)) -> 0 | P92: =M92+O92 -> 85 | Q92: 4 | R92: =IF(B92="高三",IF($E92="男",LOOKUP(Q92,[1]对照表!$W$3:$W$24,[1]对照表!$X$3:$X$24),LOOKUP(Q92,[1]对照表!$W$27:$W$48,[1]对照表!$X$27:$X$48)),IF(B92="高二",IF($E92="男",LOOKUP(Q92,[1]对照表!$V$3:$V$24,[1]对照表!$X$3:$X$24),LOOKUP(Q92,[1]对照表!$V$27:$V$48,[1]对照表!$X$27:$X$48)),IF(B92="高一",IF($E92="男",LOOKUP(Q92,[1]对照表!$U$3:$U$24,[1]对照表!$X$3:$X$24),LOOKUP(Q92,[1]对照表!$U$27:$U$48,[1]对照表!$X$27:$X$48))))) -> 76 | S92: =ROUND(IF(IF($B92="高三",MIN(IF($E92="男",$Q92-3.2,$Q92-3.2),0),IF($B92="高二",MIN(IF($E92="男",$Q92-3.25,$Q92-3.22),0),IF($B92="高一",MIN(IF($E92="男",$Q92-3.3,$Q92-3.24),0))))<-0.6,IF($B92="高三",MIN(IF($E92="男",$Q92-3.2,$Q92-3.2),0),IF($B92="高二",MIN(IF($E92="男",$Q92-3.25,$Q92-3.22),0),IF($B92="高一",MIN(IF($E92="男",$Q92-3.3,$Q92-3.24),0))))+0.4,IF($B92="高三",MIN(IF($E92="男",$Q92-3.2,$Q92-3.2),0),IF($B92="高二",MIN(IF($E92="男",$Q92-3.25,$Q92-3.22),0),IF($B92="高一",MIN(IF($E92="男",$Q92-3.3,$Q92-3.24),0))))),2) -> 0 | T92: =IF(E92="男",LOOKUP($S92,[1]对照表!$AB$3:$AB$13,[1]对照表!$AC$3:$AC$13),LOOKUP($S92,[1]对照表!$AB$15:$AB$25,[1]对照表!$AC$15:$AC$25)) -> 0 | U92: =R92+T92 -> 76 | V92: =SUM(I92,K92,M92)/3*0.3+SUM(G92,R92)/2*0.4 -> 57.7 | W92: =O92+T92 -> 0 | X92: =V92/0.7+W92 -> 82.428571 | Y92: 82.428571
A93: 48 | B93: 高一 | C93: 102 | D93: 张茗玥 | E93: 女 | F93: 8.86 | G93: =IF(B93="高三",IF($E93="男",LOOKUP(F93,[1]对照表!$G$3:$G$24,[1]对照表!$H$3:$H$24),LOOKUP(F93,[1]对照表!$G$27:$G$48,[1]对照表!$H$27:$H$48)),IF(B93="高二",IF($E93="男",LOOKUP(F93,[1]对照表!$F$3:$F$24,[1]对照表!$H$3:$H$24),LOOKUP(F93,[1]对照表!$F$27:$F$48,[1]对照表!$H$27:$H$48)),IF(B93="高一",IF($E93="男",LOOKUP(F93,[1]对照表!$E$3:$E$24,[1]对照表!$H$3:$H$24),LOOKUP(F93,[1]对照表!$E$27:$E$48,[1]对照表!$H$27:$H$48))))) -> 76 | H93: 16 | I93: =IF(B93="高三",IF($E93="男",LOOKUP(H93,[1]对照表!$K$3:$K$24,[1]对照表!$L$3:$L$24),LOOKUP(H93,[1]对照表!$K$27:$K$48,[1]对照表!$L$27:$L$48)),IF(B93="高二",IF($E93="男",LOOKUP(H93,[1]对照表!$J$3:$J$24,[1]对照表!$L$3:$L$24),LOOKUP(H93,[1]对照表!$J$27:$J$48,[1]对照表!$L$27:$L$48)),IF(B93="高一",IF($E93="男",LOOKUP(H93,[1]对照表!$I$3:$I$24,[1]对照表!$L$3:$L$24),LOOKUP(H93,[1]对照表!$I$27:$I$48,[1]对照表!$L$27:$L$48))))) -> 76 | J93: 190 | K93: =IF(B93="高三",IF($E93="男",LOOKUP(J93,[1]对照表!$O$3:$O$24,[1]对照表!$P$3:$P$24),LOOKUP(J93,[1]对照表!$O$27:$O$48,[1]对照表!$P$27:$P$48)),IF(B93="高二",IF($E93="男",LOOKUP(J93,[1]对照表!$N$3:$N$24,[1]对照表!$P$3:$P$24),LOOKUP(J93,[1]对照表!$N$27:$N$48,[1]对照表!$P$27:$P$48)),IF(B93="高一",IF($E93="男",LOOKUP(J93,[1]对照表!$M$3:$M$24,[1]对照表!$P$3:$P$24),LOOKUP(J93,[1]对照表!$M$27:$M$48,[1]对照表!$P$27:$P$48))))) -> 85 | L93: 57 | M93: =IF(B93="高三",IF($E93="男",LOOKUP(L93,[1]对照表!$S$3:$S$24,[1]对照表!$T$3:$T$24),LOOKUP(L93,[1]对照表!$S$27:$S$48,[1]对照表!$T$27:$T$48)),IF(B93="高二",IF($E93="男",LOOKUP(L93,[1]对照表!$R$3:$R$24,[1]对照表!$T$3:$T$24),LOOKUP(L93,[1]对照表!$R$27:$R$48,[1]对照表!$T$27:$T$48)),IF(B93="高一",IF($E93="男",LOOKUP(L93,[1]对照表!$Q$3:$Q$24,[1]对照表!$T$3:$T$24),LOOKUP(L93,[1]对照表!$Q$27:$Q$48,[1]对照表!$T$27:$T$48))))) -> 100 | N93: =IF(B93="高三",MAX(IF(E93="男",L93-18,L93-55),0),IF(B93="高二",MAX(IF(E93="男",L93-17,L93-54),0),IF(B93="高一",MAX(IF(E93="男",L93-16,L93-53),0)))) -> 4 | O93: =IF(E93="男",LOOKUP($N93,[1]对照表!$Z$3:$Z$13,[1]对照表!$AA$3:$AA$13),LOOKUP($N93,[1]对照表!$Z$15:$Z$25,[1]对照表!$AA$15:$AA$25)) -> 2 | P93: =M93+O93 -> 102 | Q93: 4.01 | R93: =IF(B93="高三",IF($E93="男",LOOKUP(Q93,[1]对照表!$W$3:$W$24,[1]对照表!$X$3:$X$24),LOOKUP(Q93,[1]对照表!$W$27:$W$48,[1]对照表!$X$27:$X$48)),IF(B93="高二",IF($E93="男",LOOKUP(Q93,[1]对照表!$V$3:$V$24,[1]对照表!$X$3:$X$24),LOOKUP(Q93,[1]对照表!$V$27:$V$48,[1]对照表!$X$27:$X$48)),IF(B93="高一",IF($E93="男",LOOKUP(Q93,[1]对照表!$U$3:$U$24,[1]对照表!$X$3:$X$24),LOOKUP(Q93,[1]对照表!$U$27:$U$48,[1]对照表!$X$27:$X$48))))) -> 74 | S93: =ROUND(IF(IF($B93="高三",MIN(IF($E93="男",$Q93-3.2,$Q93-3.2),0),IF($B93="高二",MIN(IF($E93="男",$Q93-3.25,$Q93-3.22),0),IF($B93="高一",MIN(IF($E93="男",$Q93-3.3,$Q93-3.24),0))))<-0.6,IF($B93="高三",MIN(IF($E93="男",$Q93-3.2,$Q93-3.2),0),IF($B93="高二",MIN(IF($E93="男",$Q93-3.25,$Q93-3.22),0),IF($B93="高一",MIN(IF($E93="男",$Q93-3.3,$Q93-3.24),0))))+0.4,IF($B93="高三",MIN(IF($E93="男",$Q93-3.2,$Q93-3.2),0),IF($B93="高二",MIN(IF($E93="男",$Q93-3.25,$Q93-3.22),0),IF($B93="高一",MIN(IF($E93="男",$Q93-3.3,$Q93-3.24),0))))),2) -> 0 | T93: =IF(E93="男",LOOKUP($S93,[1]对照表!$AB$3:$AB$13,[1]对照表!$AC$3:$AC$13),LOOKUP($S93,[1]对照表!$AB$15:$AB$25,[1]对照表!$AC$15:$AC$25)) -> 0 | U93: =R93+T93 -> 74 | V93: =SUM(I93,K93,M93)/3*0.3+SUM(G93,R93)/2*0.4 -> 56.1 | W93: =O93+T93 -> 2 | X93: =V93/0.7+W93 -> 82.142857 | Y93: 82.142857
A94: 46 | B94: 高一 | C94: 102 | D94: 汤景绚 | E94: 女 | F94: 10.09 | G94: =IF(B94="高三",IF($E94="男",LOOKUP(F94,[1]对照表!$G$3:$G$24,[1]对照表!$H$3:$H$24),LOOKUP(F94,[1]对照表!$G$27:$G$48,[1]对照表!$H$27:$H$48)),IF(B94="高二",IF($E94="男",LOOKUP(F94,[1]对照表!$F$3:$F$24,[1]对照表!$H$3:$H$24),LOOKUP(F94,[1]对照表!$F$27:$F$48,[1]对照表!$H$27:$H$48)),IF(B94="高一",IF($E94="男",LOOKUP(F94,[1]对照表!$E$3:$E$24,[1]对照表!$H$3:$H$24),LOOKUP(F94,[1]对照表!$E$27:$E$48,[1]对照表!$H$27:$H$48))))) -> 64 | H94: 21.5 | I94: =IF(B94="高三",IF($E94="男",LOOKUP(H94,[1]对照表!$K$3:$K$24,[1]对照表!$L$3:$L$24),LOOKUP(H94,[1]对照表!$K$27:$K$48,[1]对照表!$L$27:$L$48)),IF(B94="高二",IF($E94="男",LOOKUP(H94,[1]对照表!$J$3:$J$24,[1]对照表!$L$3:$L$24),LOOKUP(H94,[1]对照表!$J$27:$J$48,[1]对照表!$L$27:$L$48)),IF(B94="高一",IF($E94="男",LOOKUP(H94,[1]对照表!$I$3:$I$24,[1]对照表!$L$3:$L$24),LOOKUP(H94,[1]对照表!$I$27:$I$48,[1]对照表!$L$27:$L$48))))) -> 90 | J94: 162 | K94: =IF(B94="高三",IF($E94="男",LOOKUP(J94,[1]对照表!$O$3:$O$24,[1]对照表!$P$3:$P$24),LOOKUP(J94,[1]对照表!$O$27:$O$48,[1]对照表!$P$27:$P$48)),IF(B94="高二",IF($E94="男",LOOKUP(J94,[1]对照表!$N$3:$N$24,[1]对照表!$P$3:$P$24),LOOKUP(J94,[1]对照表!$N$27:$N$48,[1]对照表!$P$27:$P$48)),IF(B94="高一",IF($E94="男",LOOKUP(J94,[1]对照表!$M$3:$M$24,[1]对照表!$P$3:$P$24),LOOKUP(J94,[1]对照表!$M$27:$M$48,[1]对照表!$P$27:$P$48))))) -> 68 | L94: 50 | M94: =IF(B94="高三",IF($E94="男",LOOKUP(L94,[1]对照表!$S$3:$S$24,[1]对照表!$T$3:$T$24),LOOKUP(L94,[1]对照表!$S$27:$S$48,[1]对照表!$T$27:$T$48)),IF(B94="高二",IF($E94="男",LOOKUP(L94,[1]对照表!$R$3:$R$24,[1]对照表!$T$3:$T$24),LOOKUP(L94,[1]对照表!$R$27:$R$48,[1]对照表!$T$27:$T$48)),IF(B94="高一",IF($E94="男",LOOKUP(L94,[1]对照表!$Q$3:$Q$24,[1]对照表!$T$3:$T$24),LOOKUP(L94,[1]对照表!$Q$27:$Q$48,[1]对照表!$T$27:$T$48))))) -> 90 | N94: =IF(B94="高三",MAX(IF(E94="男",L94-18,L94-55),0),IF(B94="高二",MAX(IF(E94="男",L94-17,L94-54),0),IF(B94="高一",MAX(IF(E94="男",L94-16,L94-53),0)))) -> 0 | O94: =IF(E94="男",LOOKUP($N94,[1]对照表!$Z$3:$Z$13,[1]对照表!$AA$3:$AA$13),LOOKUP($N94,[1]对照表!$Z$15:$Z$25,[1]对照表!$AA$15:$AA$25)) -> 0 | P94: =M94+O94 -> 90 | Q94: 4.06 | R94: =IF(B94="高三",IF($E94="男",LOOKUP(Q94,[1]对照表!$W$3:$W$24,[1]对照表!$X$3:$X$24),LOOKUP(Q94,[1]对照表!$W$27:$W$48,[1]对照表!$X$27:$X$48)),IF(B94="高二",IF($E94="男",LOOKUP(Q94,[1]对照表!$V$3:$V$24,[1]对照表!$X$3:$X$24),LOOKUP(Q94,[1]对照表!$V$27:$V$48,[1]对照表!$X$27:$X$48)),IF(B94="高一",IF($E94="男",LOOKUP(Q94,[1]对照表!$U$3:$U$24,[1]对照表!$X$3:$X$24),LOOKUP(Q94,[1]对照表!$U$27:$U$48,[1]对照表!$X$27:$X$48))))) -> 72 | S94: =ROUND(IF(IF($B94="高三",MIN(IF($E94="男",$Q94-3.2,$Q94-3.2),0),IF($B94="高二",MIN(IF($E94="男",$Q94-3.25,$Q94-3.22),0),IF($B94="高一",MIN(IF($E94="男",$Q94-3.3,$Q94-3.24),0))))<-0.6,IF($B94="高三",MIN(IF($E94="男",$Q94-3.2,$Q94-3.2),0),IF($B94="高二",MIN(IF($E94="男",$Q94-3.25,$Q94-3.22),0),IF($B94="高一",MIN(IF($E94="男",$Q94-3.3,$Q94-3.24),0))))+0.4,IF($B94="高三",MIN(IF($E94="男",$Q94-3.2,$Q94-3.2),0),IF($B94="高二",MIN(IF($E94="男",$Q94-3.25,$Q94-3.22),0),IF($B94="高一",MIN(IF($E94="男",$Q94-3.3,$Q94-3.24),0))))),2) -> 0 | T94: =IF(E94="男",LOOKUP($S94,[1]对照表!$AB$3:$AB$13,[1]对照表!$AC$3:$AC$13),LOOKUP($S94,[1]对照表!$AB$15:$AB$25,[1]对照表!$AC$15:$AC$25)) -> 0 | U94: =R94+T94 -> 72 | V94: =SUM(I94,K94,M94)/3*0.3+SUM(G94,R94)/2*0.4 -> 52 | W94: =O94+T94 -> 0 | X94: =V94/0.7+W94 -> 74.285714 | Y94: 74.285714
A95: 39 | B95: 高一 | C95: 102 | D95: 陈诺 | E95: 女 | F95: 10.53 | G95: =IF(B95="高三",IF($E95="男",LOOKUP(F95,[1]对照表!$G$3:$G$24,[1]对照表!$H$3:$H$24),LOOKUP(F95,[1]对照表!$G$27:$G$48,[1]对照表!$H$27:$H$48)),IF(B95="高二",IF($E95="男",LOOKUP(F95,[1]对照表!$F$3:$F$24,[1]对照表!$H$3:$H$24),LOOKUP(F95,[1]对照表!$F$27:$F$48,[1]对照表!$H$27:$H$48)),IF(B95="高一",IF($E95="男",LOOKUP(F95,[1]对照表!$E$3:$E$24,[1]对照表!$H$3:$H$24),LOOKUP(F95,[1]对照表!$E$27:$E$48,[1]对照表!$H$27:$H$48))))) -> 60 | H95: 16 | I95: =IF(B95="高三",IF($E95="男",LOOKUP(H95,[1]对照表!$K$3:$K$24,[1]对照表!$L$3:$L$24),LOOKUP(H95,[1]对照表!$K$27:$K$48,[1]对照表!$L$27:$L$48)),IF(B95="高二",IF($E95="男",LOOKUP(H95,[1]对照表!$J$3:$J$24,[1]对照表!$L$3:$L$24),LOOKUP(H95,[1]对照表!$J$27:$J$48,[1]对照表!$L$27:$L$48)),IF(B95="高一",IF($E95="男",LOOKUP(H95,[1]对照表!$I$3:$I$24,[1]对照表!$L$3:$L$24),LOOKUP(H95,[1]对照表!$I$27:$I$48,[1]对照表!$L$27:$L$48))))) -> 76 | J95: 168 | K95: =IF(B95="高三",IF($E95="男",LOOKUP(J95,[1]对照表!$O$3:$O$24,[1]对照表!$P$3:$P$24),LOOKUP(J95,[1]对照表!$O$27:$O$48,[1]对照表!$P$27:$P$48)),IF(B95="高二",IF($E95="男",LOOKUP(J95,[1]对照表!$N$3:$N$24,[1]对照表!$P$3:$P$24),LOOKUP(J95,[1]对照表!$N$27:$N$48,[1]对照表!$P$27:$P$48)),IF(B95="高一",IF($E95="男",LOOKUP(J95,[1]对照表!$M$3:$M$24,[1]对照表!$P$3:$P$24),LOOKUP(J95,[1]对照表!$M$27:$M$48,[1]对照表!$P$27:$P$48))))) -> 72 | L95: 47 | M95: =IF(B95="高三",IF($E95="男",LOOKUP(L95,[1]对照表!$S$3:$S$24,[1]对照表!$T$3:$T$24),LOOKUP(L95,[1]对照表!$S$27:$S$48,[1]对照表!$T$27:$T$48)),IF(B95="高二",IF($E95="男",LOOKUP(L95,[1]对照表!$R$3:$R$24,[1]对照表!$T$3:$T$24),LOOKUP(L95,[1]对照表!$R$27:$R$48,[1]对照表!$T$27:$T$48)),IF(B95="高一",IF($E95="男",LOOKUP(L95,[1]对照表!$Q$3:$Q$24,[1]对照表!$T$3:$T$24),LOOKUP(L95,[1]对照表!$Q$27:$Q$48,[1]对照表!$T$27:$T$48))))) -> 85 | N95: =IF(B95="高三",MAX(IF(E95="男",L95-18,L95-55),0),IF(B95="高二",MAX(IF(E95="男",L95-17,L95-54),0),IF(B95="高一",MAX(IF(E95="男",L95-16,L95-53),0)))) -> 0 | O95: =IF(E95="男",LOOKUP($N95,[1]对照表!$Z$3:$Z$13,[1]对照表!$AA$3:$AA$13),LOOKUP($N95,[1]对照表!$Z$15:$Z$25,[1]对照表!$AA$15:$AA$25)) -> 0 | P95: =M95+O95 -> 85 | Q95: 4.16 | R95: =IF(B95="高三",IF($E95="男",LOOKUP(Q95,[1]对照表!$W$3:$W$24,[1]对照表!$X$3:$X$24),LOOKUP(Q95,[1]对照表!$W$27:$W$48,[1]对照表!$X$27:$X$48)),IF(B95="高二",IF($E95="男",LOOKUP(Q95,[1]对照表!$V$3:$V$24,[1]对照表!$X$3:$X$24),LOOKUP(Q95,[1]对照表!$V$27:$V$48,[1]对照表!$X$27:$X$48)),IF(B95="高一",IF($E95="男",LOOKUP(Q95,[1]对照表!$U$3:$U$24,[1]对照表!$X$3:$X$24),LOOKUP(Q95,[1]对照表!$U$27:$U$48,[1]对照表!$X$27:$X$48))))) -> 68 | S95: =ROUND(IF(IF($B95="高三",MIN(IF($E95="男",$Q95-3.2,$Q95-3.2),0),IF($B95="高二",MIN(IF($E95="男",$Q95-3.25,$Q95-3.22),0),IF($B95="高一",MIN(IF($E95="男",$Q95-3.3,$Q95-3.24),0))))<-0.6,IF($B95="高三",MIN(IF($E95="男",$Q95-3.2,$Q95-3.2),0),IF($B95="高二",MIN(IF($E95="男",$Q95-3.25,$Q95-3.22),0),IF($B95="高一",MIN(IF($E95="男",$Q95-3.3,$Q95-3.24),0))))+0.4,IF($B95="高三",MIN(IF($E95="男",$Q95-3.2,$Q95-3.2),0),IF($B95="高二",MIN(IF($E95="男",$Q95-3.25,$Q95-3.22),0),IF($B95="高一",MIN(IF($E95="男",$Q95-3.3,$Q95-3.24),0))))),2) -> 0 | T95: =IF(E95="男",LOOKUP($S95,[1]对照表!$AB$3:$AB$13,[1]对照表!$AC$3:$AC$13),LOOKUP($S95,[1]对照表!$AB$15:$AB$25,[1]对照表!$AC$15:$AC$25)) -> 0 | U95: =R95+T95 -> 68 | V95: =SUM(I95,K95,M95)/3*0.3+SUM(G95,R95)/2*0.4 -> 48.9 | W95: =O95+T95 -> 0 | X95: =V95/0.7+W95 -> 69.857143 | Y95: 69.857143
A96: 43 | B96: 高一 | C96: 102 | D96: 沈佳莲 | E96: 女 | F96: 8.38 | G96: =IF(B96="高三",IF($E96="男",LOOKUP(F96,[1]对照表!$G$3:$G$24,[1]对照表!$H$3:$H$24),LOOKUP(F96,[1]对照表!$G$27:$G$48,[1]对照表!$H$27:$H$48)),IF(B96="高二",IF($E96="男",LOOKUP(F96,[1]对照表!$F$3:$F$24,[1]对照表!$H$3:$H$24),LOOKUP(F96,[1]对照表!$F$27:$F$48,[1]对照表!$H$27:$H$48)),IF(B96="高一",IF($E96="男",LOOKUP(F96,[1]对照表!$E$3:$E$24,[1]对照表!$H$3:$H$24),LOOKUP(F96,[1]对照表!$E$27:$E$48,[1]对照表!$H$27:$H$48))))) -> 80 | H96: 22 | I96: =IF(B96="高三",IF($E96="男",LOOKUP(H96,[1]对照表!$K$3:$K$24,[1]对照表!$L$3:$L$24),LOOKUP(H96,[1]对照表!$K$27:$K$48,[1]对照表!$L$27:$L$48)),IF(B96="高二",IF($E96="男",LOOKUP(H96,[1]对照表!$J$3:$J$24,[1]对照表!$L$3:$L$24),LOOKUP(H96,[1]对照表!$J$27:$J$48,[1]对照表!$L$27:$L$48)),IF(B96="高一",IF($E96="男",LOOKUP(H96,[1]对照表!$I$3:$I$24,[1]对照表!$L$3:$L$24),LOOKUP(H96,[1]对照表!$I$27:$I$48,[1]对照表!$L$27:$L$48))))) -> 90 | J96: 183 | K96: =IF(B96="高三",IF($E96="男",LOOKUP(J96,[1]对照表!$O$3:$O$24,[1]对照表!$P$3:$P$24),LOOKUP(J96,[1]对照表!$O$27:$O$48,[1]对照表!$P$27:$P$48)),IF(B96="高二",IF($E96="男",LOOKUP(J96,[1]对照表!$N$3:$N$24,[1]对照表!$P$3:$P$24),LOOKUP(J96,[1]对照表!$N$27:$N$48,[1]对照表!$P$27:$P$48)),IF(B96="高一",IF($E96="男",LOOKUP(J96,[1]对照表!$M$3:$M$24,[1]对照表!$P$3:$P$24),LOOKUP(J96,[1]对照表!$M$27:$M$48,[1]对照表!$P$27:$P$48))))) -> 80 | L96: 41 | M96: =IF(B96="高三",IF($E96="男",LOOKUP(L96,[1]对照表!$S$3:$S$24,[1]对照表!$T$3:$T$24),LOOKUP(L96,[1]对照表!$S$27:$S$48,[1]对照表!$T$27:$T$48)),IF(B96="高二",IF($E96="男",LOOKUP(L96,[1]对照表!$R$3:$R$24,[1]对照表!$T$3:$T$24),LOOKUP(L96,[1]对照表!$R$27:$R$48,[1]对照表!$T$27:$T$48)),IF(B96="高一",IF($E96="男",LOOKUP(L96,[1]对照表!$Q$3:$Q$24,[1]对照表!$T$3:$T$24),LOOKUP(L96,[1]对照表!$Q$27:$Q$48,[1]对照表!$T$27:$T$48))))) -> 78 | N96: =IF(B96="高三",MAX(IF(E96="男",L96-18,L96-55),0),IF(B96="高二",MAX(IF(E96="男",L96-17,L96-54),0),IF(B96="高一",MAX(IF(E96="男",L96-16,L96-53),0)))) -> 0 | O96: =IF(E96="男",LOOKUP($N96,[1]对照表!$Z$3:$Z$13,[1]对照表!$AA$3:$AA$13),LOOKUP($N96,[1]对照表!$Z$15:$Z$25,[1]对照表!$AA$15:$AA$25)) -> 0 | P96: =M96+O96 -> 78 | Q96: 4.24 | R96: =IF(B96="高三",IF($E96="男",LOOKUP(Q96,[1]对照表!$W$3:$W$24,[1]对照表!$X$3:$X$24),LOOKUP(Q96,[1]对照表!$W$27:$W$48,[1]对照表!$X$27:$X$48)),IF(B96="高二",IF($E96="男",LOOKUP(Q96,[1]对照表!$V$3:$V$24,[1]对照表!$X$3:$X$24),LOOKUP(Q96,[1]对照表!$V$27:$V$48,[1]对照表!$X$27:$X$48)),IF(B96="高一",IF($E96="男",LOOKUP(Q96,[1]对照表!$U$3:$U$24,[1]对照表!$X$3:$X$24),LOOKUP(Q96,[1]对照表!$U$27:$U$48,[1]对照表!$X$27:$X$48))))) -> 66 | S96: =ROUND(IF(IF($B96="高三",MIN(IF($E96="男",$Q96-3.2,$Q96-3.2),0),IF($B96="高二",MIN(IF($E96="男",$Q96-3.25,$Q96-3.22),0),IF($B96="高一",MIN(IF($E96="男",$Q96-3.3,$Q96-3.24),0))))<-0.6,IF($B96="高三",MIN(IF($E96="男",$Q96-3.2,$Q96-3.2),0),IF($B96="高二",MIN(IF($E96="男",$Q96-3.25,$Q96-3.22),0),IF($B96="高一",MIN(IF($E96="男",$Q96-3.3,$Q96-3.24),0))))+0.4,IF($B96="高三",MIN(IF($E96="男",$Q96-3.2,$Q96-3.2),0),IF($B96="高二",MIN(IF($E96="男",$Q96-3.25,$Q96-3.22),0),IF($B96="高一",MIN(IF($E96="男",$Q96-3.3,$Q96-3.24),0))))),2) -> 0 | T96: =IF(E96="男",LOOKUP($S96,[1]对照表!$AB$3:$AB$13,[1]对照表!$AC$3:$AC$13),LOOKUP($S96,[1]对照表!$AB$15:$AB$25,[1]对照表!$AC$15:$AC$25)) -> 0 | U96: =R96+T96 -> 66 | V96: =SUM(I96,K96,M96)/3*0.3+SUM(G96,R96)/2*0.4 -> 54 | W96: =O96+T96 -> 0 | X96: =V96/0.7+W96 -> 77.142857 | Y96: 77.142857
A97: 44 | B97: 高一 | C97: 102 | D97: 宋笑晗 | E97: 女 | G97: 0 | I97: 0 | K97: 0 | M97: 0 | N97: 0 | O97: =IF(E97="男",LOOKUP($N97,[1]对照表!$Z$3:$Z$13,[1]对照表!$AA$3:$AA$13),LOOKUP($N97,[1]对照表!$Z$15:$Z$25,[1]对照表!$AA$15:$AA$25)) -> 0 | P97: =M97+O97 -> 0 | R97: 0 | S97: 0 | T97: =IF(E97="男",LOOKUP($S97,[1]对照表!$AB$3:$AB$13,[1]对照表!$AC$3:$AC$13),LOOKUP($S97,[1]对照表!$AB$15:$AB$25,[1]对照表!$AC$15:$AC$25)) -> 0 | U97: =R97+T97 -> 0 | V97: =SUM(I97,K97,M97)/3*0.3+SUM(G97,R97)/2*0.4 -> 0 | W97: =O97+T97 -> 0 | X97: =V97/0.7+W97 -> 0 | Y97: 50
A98: 31 | B98: 高一 | C98: 103 | D98: 徐炉辉 | E98: 男 | G98: 0 | I98: 0 | K98: 0 | M98: 0 | N98: 0 | O98: =IF(E98="男",LOOKUP($N98,[1]对照表!$Z$3:$Z$13,[1]对照表!$AA$3:$AA$13),LOOKUP($N98,[1]对照表!$Z$15:$Z$25,[1]对照表!$AA$15:$AA$25)) -> 0 | P98: =M98+O98 -> 0 | R98: 0 | S98: 0 | T98: =IF(E98="男",LOOKUP($S98,[1]对照表!$AB$3:$AB$13,[1]对照表!$AC$3:$AC$13),LOOKUP($S98,[1]对照表!$AB$15:$AB$25,[1]对照表!$AC$15:$AC$25)) -> 0 | U98: =R98+T98 -> 0 | V98: =SUM(I98,K98,M98)/3*0.3+SUM(G98,R98)/2*0.4 -> 0 | W98: =O98+T98 -> 0 | X98: =V98/0.7+W98 -> 0 | Y98: / | Z98: 不在
